,result,table,_start,_stop,_time,_value,_field,_measurement
,,0,2016-07-05T09:50:51.974Z,2021-10-05T09:50:51.973Z,2016-08-17T21:00:01Z,5.631,Ch001_accrest_g,AMU
,,0,2016-07-05T09:50:51.974Z,2021-10-05T09:50:51.973Z,2016-08-17T21:00:03Z,5.068,Ch001_accrest_g,AMU
,,0,2016-07-05T09:50:51.974Z,2021-10-05T09:50:51.973Z,2016-08-17T21:00:05Z,5.188,Ch001_accrest_g,AMU
,,0,2016-07-05T09:50:51.974Z,2021-10-05T09:50:51.973Z,2016-08-17T21:00:07Z,5.426,Ch001_accrest_g,AMU
,,0,2016-07-05T09:50:51.974Z,2021-10-05T09:50:51.973Z,2016-08-17T21:00:09Z,4.811,Ch001_accrest_g,AMU
,,0,2016-07-05T09:50:51.974Z,2021-10-05T09:50:51.973Z,2016-08-17T21:00:11Z,4.731,Ch001_accrest_g,AMU
,,0,2016-07-05T09:50:51.974Z,2021-10-05T09:50:51.973Z,2016-08-17T21:00:13Z,4.576,Ch001_accrest_g,AMU
,,0,2016-07-05T09:50:51.974Z,2021-10-05T09:50:51.973Z,2016-08-17T21:00:15Z,4.904,Ch001_accrest_g,AMU
,,0,2016-07-05T09:50:51.974Z,2021-10-05T09:50:51.973Z,2016-08-17T21:00:17Z,4.87,Ch001_accrest_g,AMU
,,0,2016-07-05T09:50:51.974Z,2021-10-05T09:50:51.973Z,2016-08-17T21:00:19Z,5.591,Ch001_accrest_g,AMU
,,0,2016-07-05T09:50:51.974Z,2021-10-05T09:50:51.973Z,2016-08-17T21:00:21Z,4.776,Ch001_accrest_g,AMU
,,0,2016-07-05T09:50:51.974Z,2021-10-05T09:50:51.973Z,2016-08-17T21:00:23Z,5.254,Ch001_accrest_g,AMU
,,0,2016-07-05T09:50:51.974Z,2021-10-05T09:50:51.973Z,2016-08-17T21:00:25Z,5.783,Ch001_accrest_g,AMU
,,0,2016-07-05T09:50:51.974Z,2021-10-05T09:50:51.973Z,2016-08-17T21:00:27Z,4.953,Ch001_accrest_g,AMU
,,0,2016-07-05T09:50:51.974Z,2021-10-05T09:50:51.973Z,2016-08-17T21:00:31Z,4.825,Ch001_accrest_g,AMU
,,0,2016-07-05T09:50:51.974Z,2021-10-05T09:50:51.973Z,2016-08-17T21:00:33Z,4.726,Ch001_accrest_g,AMU
,,0,2016-07-05T09:50:51.974Z,2021-10-05T09:50:51.973Z,2016-08-17T21:00:35Z,4.882,Ch001_accrest_g,AMU
,,0,2016-07-05T09:50:51.974Z,2021-10-05T09:50:51.973Z,2016-08-17T21:00:37Z,5.342,Ch001_accrest_g,AMU
,,0,2016-07-05T09:50:51.974Z,2021-10-05T09:50:51.973Z,2016-08-17T21:00:39Z,4.883,Ch001_accrest_g,AMU
,,0,2016-07-05T09:50:51.974Z,2021-10-05T09:50:51.973Z,2016-08-17T21:00:41Z,4.758,Ch001_accrest_g,AMU
,,0,2016-07-05T09:50:51.974Z,2021-10-05T09:50:51.973Z,2016-08-17T21:00:43Z,4.873,Ch001_accrest_g,AMU
,,0,2016-07-05T09:50:51.974Z,2021-10-05T09:50:51.973Z,2016-08-17T21:00:45Z,4.839,Ch001_accrest_g,AMU
,,0,2016-07-05T09:50:51.974Z,2021-10-05T09:50:51.973Z,2016-08-17T21:00:47Z,5.08,Ch001_accrest_g,AMU
,,0,2016-07-05T09:50:51.974Z,2021-10-05T09:50:51.973Z,2016-08-17T21:00:49Z,5.36,Ch001_accrest_g,AMU
,,0,2016-07-05T09:50:51.974Z,2021-10-05T09:50:51.973Z,2016-08-17T21:00:51Z,4.932,Ch001_accrest_g,AMU
,,0,2016-07-05T09:50:51.974Z,2021-10-05T09:50:51.973Z,2016-08-17T21:00:53Z,5.109,Ch001_accrest_g,AMU
,,0,2016-07-05T09:50:51.974Z,2021-10-05T09:50:51.973Z,2016-08-17T21:00:55Z,6.349,Ch001_accrest_g,AMU
,,0,2016-07-05T09:50:51.974Z,2021-10-05T09:50:51.973Z,2016-08-17T21:00:57Z,5.2,Ch001_accrest_g,AMU
,,0,2016-07-05T09:50:51.974Z,2021-10-05T09:50:51.973Z,2016-08-17T21:00:59Z,5.332,Ch001_accrest_g,AMU
,,0,2016-07-05T09:50:51.974Z,2021-10-05T09:50:51.973Z,2016-08-17T21:01:01Z,5.239,Ch001_accrest_g,AMU
,,0,2016-07-05T09:50:51.974Z,2021-10-05T09:50:51.973Z,2016-08-17T21:01:03Z,5.767,Ch001_accrest_g,AMU
,,0,2016-07-05T09:50:51.974Z,2021-10-05T09:50:51.973Z,2016-08-17T21:01:05Z,5.166,Ch001_accrest_g,AMU
,,0,2016-07-05T09:50:51.974Z,2021-10-05T09:50:51.973Z,2016-08-17T21:01:07Z,4.801,Ch001_accrest_g,AMU
,,0,2016-07-05T09:50:51.974Z,2021-10-05T09:50:51.973Z,2016-08-17T21:01:09Z,5.16,Ch001_accrest_g,AMU
,,0,2016-07-05T09:50:51.974Z,2021-10-05T09:50:51.973Z,2016-08-17T21:01:11Z,5.108,Ch001_accrest_g,AMU
,,0,2016-07-05T09:50:51.974Z,2021-10-05T09:50:51.973Z,2016-08-17T21:01:13Z,5.055,Ch001_accrest_g,AMU
,,0,2016-07-05T09:50:51.974Z,2021-10-05T09:50:51.973Z,2016-08-17T21:01:15Z,4.963,Ch001_accrest_g,AMU
,,0,2016-07-05T09:50:51.974Z,2021-10-05T09:50:51.973Z,2016-08-17T21:01:17Z,4.654,Ch001_accrest_g,AMU
,,0,2016-07-05T09:50:51.974Z,2021-10-05T09:50:51.973Z,2016-08-17T21:01:19Z,4.899,Ch001_accrest_g,AMU
,,0,2016-07-05T09:50:51.974Z,2021-10-05T09:50:51.973Z,2016-08-17T21:01:21Z,5.103,Ch001_accrest_g,AMU
,,0,2016-07-05T09:50:51.974Z,2021-10-05T09:50:51.973Z,2016-08-17T21:01:23Z,4.991,Ch001_accrest_g,AMU
,,0,2016-07-05T09:50:51.974Z,2021-10-05T09:50:51.973Z,2016-08-17T21:01:25Z,4.864,Ch001_accrest_g,AMU
,,0,2016-07-05T09:50:51.974Z,2021-10-05T09:50:51.973Z,2016-08-17T21:01:27Z,5.778,Ch001_accrest_g,AMU
,,0,2016-07-05T09:50:51.974Z,2021-10-05T09:50:51.973Z,2016-08-17T21:01:29Z,4.665,Ch001_accrest_g,AMU
,,0,2016-07-05T09:50:51.974Z,2021-10-05T09:50:51.973Z,2016-08-17T21:01:31Z,5.047,Ch001_accrest_g,AMU
,,0,2016-07-05T09:50:51.974Z,2021-10-05T09:50:51.973Z,2016-08-17T21:01:33Z,5.233,Ch001_accrest_g,AMU
,,0,2016-07-05T09:50:51.974Z,2021-10-05T09:50:51.973Z,2016-08-17T21:01:35Z,4.749,Ch001_accrest_g,AMU
,,0,2016-07-05T09:50:51.974Z,2021-10-05T09:50:51.973Z,2016-08-17T21:01:37Z,5.156,Ch001_accrest_g,AMU
,,0,2016-07-05T09:50:51.974Z,2021-10-05T09:50:51.973Z,2016-08-17T21:01:39Z,5.18,Ch001_accrest_g,AMU
,,0,2016-07-05T09:50:51.974Z,2021-10-05T09:50:51.973Z,2016-08-17T21:01:41Z,5.069,Ch001_accrest_g,AMU
,,0,2016-07-05T09:50:51.974Z,2021-10-05T09:50:51.973Z,2016-08-17T21:01:43Z,5.141,Ch001_accrest_g,AMU
,,0,2016-07-05T09:50:51.974Z,2021-10-05T09:50:51.973Z,2016-08-17T21:01:45Z,5.179,Ch001_accrest_g,AMU
,,0,2016-07-05T09:50:51.974Z,2021-10-05T09:50:51.973Z,2016-08-17T21:01:47Z,5.509,Ch001_accrest_g,AMU
,,0,2016-07-05T09:50:51.974Z,2021-10-05T09:50:51.973Z,2016-08-17T21:01:49Z,4.793,Ch001_accrest_g,AMU
,,0,2016-07-05T09:50:51.974Z,2021-10-05T09:50:51.973Z,2016-08-17T21:01:51Z,5.001,Ch001_accrest_g,AMU
,,0,2016-07-05T09:50:51.974Z,2021-10-05T09:50:51.973Z,2016-08-17T21:01:53Z,4.947,Ch001_accrest_g,AMU
,,0,2016-07-05T09:50:51.974Z,2021-10-05T09:50:51.973Z,2016-08-17T21:01:55Z,5.344,Ch001_accrest_g,AMU
,,0,2016-07-05T09:50:51.974Z,2021-10-05T09:50:51.973Z,2016-08-17T21:01:57Z,5.191,Ch001_accrest_g,AMU
,,0,2016-07-05T09:50:51.974Z,2021-10-05T09:50:51.973Z,2016-08-17T21:01:59Z,5.283,Ch001_accrest_g,AMU
,,0,2016-07-05T09:50:51.974Z,2021-10-05T09:50:51.973Z,2016-08-17T21:02:01Z,5,Ch001_accrest_g,AMU
,,0,2016-07-05T09:50:51.974Z,2021-10-05T09:50:51.973Z,2016-08-17T21:02:03Z,5.12,Ch001_accrest_g,AMU
,,0,2016-07-05T09:50:51.974Z,2021-10-05T09:50:51.973Z,2016-08-17T21:02:05Z,4.908,Ch001_accrest_g,AMU
,,0,2016-07-05T09:50:51.974Z,2021-10-05T09:50:51.973Z,2016-08-17T21:02:07Z,4.982,Ch001_accrest_g,AMU
,,0,2016-07-05T09:50:51.974Z,2021-10-05T09:50:51.973Z,2016-08-17T21:02:09Z,4.68,Ch001_accrest_g,AMU
,,0,2016-07-05T09:50:51.974Z,2021-10-05T09:50:51.973Z,2016-08-17T21:02:11Z,4.891,Ch001_accrest_g,AMU
,,0,2016-07-05T09:50:51.974Z,2021-10-05T09:50:51.973Z,2016-08-17T21:02:13Z,4.814,Ch001_accrest_g,AMU
,,0,2016-07-05T09:50:51.974Z,2021-10-05T09:50:51.973Z,2016-08-17T21:02:15Z,4.77,Ch001_accrest_g,AMU
,,0,2016-07-05T09:50:51.974Z,2021-10-05T09:50:51.973Z,2016-08-17T21:02:17Z,5.388,Ch001_accrest_g,AMU
,,0,2016-07-05T09:50:51.974Z,2021-10-05T09:50:51.973Z,2016-08-17T21:02:19Z,5.41,Ch001_accrest_g,AMU
,,0,2016-07-05T09:50:51.974Z,2021-10-05T09:50:51.973Z,2016-08-17T21:02:21Z,4.995,Ch001_accrest_g,AMU
,,0,2016-07-05T09:50:51.974Z,2021-10-05T09:50:51.973Z,2016-08-17T21:02:25Z,5.397,Ch001_accrest_g,AMU
,,0,2016-07-05T09:50:51.974Z,2021-10-05T09:50:51.973Z,2016-08-17T21:02:27Z,5.189,Ch001_accrest_g,AMU
,,0,2016-07-05T09:50:51.974Z,2021-10-05T09:50:51.973Z,2016-08-17T21:02:29Z,4.996,Ch001_accrest_g,AMU
,,0,2016-07-05T09:50:51.974Z,2021-10-05T09:50:51.973Z,2016-08-17T21:02:31Z,5.864,Ch001_accrest_g,AMU
,,0,2016-07-05T09:50:51.974Z,2021-10-05T09:50:51.973Z,2016-08-17T21:02:33Z,5.473,Ch001_accrest_g,AMU
,,0,2016-07-05T09:50:51.974Z,2021-10-05T09:50:51.973Z,2016-08-17T21:02:35Z,5.258,Ch001_accrest_g,AMU
,,0,2016-07-05T09:50:51.974Z,2021-10-05T09:50:51.973Z,2016-08-17T21:02:37Z,4.827,Ch001_accrest_g,AMU
,,0,2016-07-05T09:50:51.974Z,2021-10-05T09:50:51.973Z,2016-08-17T21:02:39Z,190.219,Ch001_accrest_g,AMU
,,0,2016-07-05T09:50:51.974Z,2021-10-05T09:50:51.973Z,2016-08-17T21:02:41Z,4.736,Ch001_accrest_g,AMU
,,0,2016-07-05T09:50:51.974Z,2021-10-05T09:50:51.973Z,2016-08-17T21:02:43Z,4.999,Ch001_accrest_g,AMU
,,0,2016-07-05T09:50:51.974Z,2021-10-05T09:50:51.973Z,2016-08-17T21:02:45Z,5.361,Ch001_accrest_g,AMU
,,0,2016-07-05T09:50:51.974Z,2021-10-05T09:50:51.973Z,2016-08-17T21:02:47Z,5.149,Ch001_accrest_g,AMU
,,0,2016-07-05T09:50:51.974Z,2021-10-05T09:50:51.973Z,2016-08-17T21:02:51Z,5.231,Ch001_accrest_g,AMU
,,0,2016-07-05T09:50:51.974Z,2021-10-05T09:50:51.973Z,2016-08-17T21:02:53Z,4.906,Ch001_accrest_g,AMU
,,0,2016-07-05T09:50:51.974Z,2021-10-05T09:50:51.973Z,2016-08-17T21:02:55Z,5.578,Ch001_accrest_g,AMU
,,0,2016-07-05T09:50:51.974Z,2021-10-05T09:50:51.973Z,2016-08-17T21:02:57Z,6.527,Ch001_accrest_g,AMU
,,0,2016-07-05T09:50:51.974Z,2021-10-05T09:50:51.973Z,2016-08-17T21:02:59Z,6.176,Ch001_accrest_g,AMU
,,0,2016-07-05T09:50:51.974Z,2021-10-05T09:50:51.973Z,2016-08-17T21:03:01Z,5.177,Ch001_accrest_g,AMU
,,0,2016-07-05T09:50:51.974Z,2021-10-05T09:50:51.973Z,2016-08-17T21:03:03Z,5.369,Ch001_accrest_g,AMU
,,0,2016-07-05T09:50:51.974Z,2021-10-05T09:50:51.973Z,2016-08-17T21:03:05Z,5.157,Ch001_accrest_g,AMU
,,0,2016-07-05T09:50:51.974Z,2021-10-05T09:50:51.973Z,2016-08-17T21:03:07Z,5.788,Ch001_accrest_g,AMU
,,0,2016-07-05T09:50:51.974Z,2021-10-05T09:50:51.973Z,2016-08-17T21:03:09Z,4.927,Ch001_accrest_g,AMU
,,0,2016-07-05T09:50:51.974Z,2021-10-05T09:50:51.973Z,2016-08-17T21:03:11Z,4.984,Ch001_accrest_g,AMU
,,0,2016-07-05T09:50:51.974Z,2021-10-05T09:50:51.973Z,2016-08-17T21:03:13Z,5.098,Ch001_accrest_g,AMU
,,0,2016-07-05T09:50:51.974Z,2021-10-05T09:50:51.973Z,2016-08-17T21:03:15Z,5.17,Ch001_accrest_g,AMU
,,0,2016-07-05T09:50:51.974Z,2021-10-05T09:50:51.973Z,2016-08-17T21:03:17Z,5.425,Ch001_accrest_g,AMU
,,0,2016-07-05T09:50:51.974Z,2021-10-05T09:50:51.973Z,2016-08-17T21:03:19Z,5.445,Ch001_accrest_g,AMU
,,0,2016-07-05T09:50:51.974Z,2021-10-05T09:50:51.973Z,2016-08-17T21:03:21Z,5.127,Ch001_accrest_g,AMU
,,0,2016-07-05T09:50:51.974Z,2021-10-05T09:50:51.973Z,2016-08-17T21:03:23Z,4.626,Ch001_accrest_g,AMU
,,0,2016-07-05T09:50:51.974Z,2021-10-05T09:50:51.973Z,2016-08-17T21:03:25Z,5.665,Ch001_accrest_g,AMU
,,0,2016-07-05T09:50:51.974Z,2021-10-05T09:50:51.973Z,2016-08-17T21:03:27Z,5.345,Ch001_accrest_g,AMU
,,0,2016-07-05T09:50:51.974Z,2021-10-05T09:50:51.973Z,2016-08-17T21:03:29Z,4.819,Ch001_accrest_g,AMU
,,0,2016-07-05T09:50:51.974Z,2021-10-05T09:50:51.973Z,2016-08-17T21:03:33Z,5.416,Ch001_accrest_g,AMU
,,0,2016-07-05T09:50:51.974Z,2021-10-05T09:50:51.973Z,2016-08-17T21:03:35Z,5.617,Ch001_accrest_g,AMU
,,0,2016-07-05T09:50:51.974Z,2021-10-05T09:50:51.973Z,2016-08-17T21:03:37Z,5.597,Ch001_accrest_g,AMU
,,0,2016-07-05T09:50:51.974Z,2021-10-05T09:50:51.973Z,2016-08-17T21:03:39Z,5.209,Ch001_accrest_g,AMU
,,0,2016-07-05T09:50:51.974Z,2021-10-05T09:50:51.973Z,2016-08-17T21:03:41Z,5.126,Ch001_accrest_g,AMU
,,0,2016-07-05T09:50:51.974Z,2021-10-05T09:50:51.973Z,2016-08-17T21:03:43Z,5.023,Ch001_accrest_g,AMU
,,0,2016-07-05T09:50:51.974Z,2021-10-05T09:50:51.973Z,2016-08-17T21:03:45Z,4.874,Ch001_accrest_g,AMU
,,0,2016-07-05T09:50:51.974Z,2021-10-05T09:50:51.973Z,2016-08-17T21:03:47Z,5.116,Ch001_accrest_g,AMU
,,0,2016-07-05T09:50:51.974Z,2021-10-05T09:50:51.973Z,2016-08-17T21:03:55Z,5.674,Ch001_accrest_g,AMU
,,0,2016-07-05T09:50:51.974Z,2021-10-05T09:50:51.973Z,2016-08-17T21:03:57Z,5.898,Ch001_accrest_g,AMU
,,0,2016-07-05T09:50:51.974Z,2021-10-05T09:50:51.973Z,2016-08-17T21:03:59Z,5.122,Ch001_accrest_g,AMU
,,0,2016-07-05T09:50:51.974Z,2021-10-05T09:50:51.973Z,2016-08-17T21:04:01Z,4.591,Ch001_accrest_g,AMU
,,0,2016-07-05T09:50:51.974Z,2021-10-05T09:50:51.973Z,2016-08-17T21:04:03Z,4.802,Ch001_accrest_g,AMU
,,0,2016-07-05T09:50:51.974Z,2021-10-05T09:50:51.973Z,2016-08-17T21:04:05Z,5.432,Ch001_accrest_g,AMU
,,0,2016-07-05T09:50:51.974Z,2021-10-05T09:50:51.973Z,2016-08-17T21:04:07Z,5.658,Ch001_accrest_g,AMU
,,0,2016-07-05T09:50:51.974Z,2021-10-05T09:50:51.973Z,2016-08-17T21:04:09Z,5.201,Ch001_accrest_g,AMU
,,0,2016-07-05T09:50:51.974Z,2021-10-05T09:50:51.973Z,2016-08-17T21:04:11Z,4.807,Ch001_accrest_g,AMU
,,0,2016-07-05T09:50:51.974Z,2021-10-05T09:50:51.973Z,2016-08-17T21:04:13Z,4.986,Ch001_accrest_g,AMU
,,0,2016-07-05T09:50:51.974Z,2021-10-05T09:50:51.973Z,2016-08-17T21:04:15Z,5.07,Ch001_accrest_g,AMU
,,0,2016-07-05T09:50:51.974Z,2021-10-05T09:50:51.973Z,2016-08-17T21:04:17Z,5.663,Ch001_accrest_g,AMU
,,0,2016-07-05T09:50:51.974Z,2021-10-05T09:50:51.973Z,2016-08-17T21:04:19Z,5.018,Ch001_accrest_g,AMU
,,0,2016-07-05T09:50:51.974Z,2021-10-05T09:50:51.973Z,2016-08-17T21:04:21Z,4.92,Ch001_accrest_g,AMU
,,0,2016-07-05T09:50:51.974Z,2021-10-05T09:50:51.973Z,2016-08-17T21:04:23Z,4.824,Ch001_accrest_g,AMU
,,0,2016-07-05T09:50:51.974Z,2021-10-05T09:50:51.973Z,2016-08-17T21:04:25Z,5.406,Ch001_accrest_g,AMU
,,0,2016-07-05T09:50:51.974Z,2021-10-05T09:50:51.973Z,2016-08-17T21:04:27Z,4.884,Ch001_accrest_g,AMU
,,0,2016-07-05T09:50:51.974Z,2021-10-05T09:50:51.973Z,2016-08-17T21:04:29Z,5.343,Ch001_accrest_g,AMU
,,0,2016-07-05T09:50:51.974Z,2021-10-05T09:50:51.973Z,2016-08-17T21:04:31Z,5.765,Ch001_accrest_g,AMU
,,0,2016-07-05T09:50:51.974Z,2021-10-05T09:50:51.973Z,2016-08-17T21:04:33Z,5.054,Ch001_accrest_g,AMU
,,0,2016-07-05T09:50:51.974Z,2021-10-05T09:50:51.973Z,2016-08-17T21:04:35Z,5.063,Ch001_accrest_g,AMU
,,0,2016-07-05T09:50:51.974Z,2021-10-05T09:50:51.973Z,2016-08-17T21:04:39Z,4.847,Ch001_accrest_g,AMU
,,0,2016-07-05T09:50:51.974Z,2021-10-05T09:50:51.973Z,2016-08-17T21:04:41Z,5.626,Ch001_accrest_g,AMU
,,0,2016-07-05T09:50:51.974Z,2021-10-05T09:50:51.973Z,2016-08-17T21:04:43Z,5.377,Ch001_accrest_g,AMU
,,0,2016-07-05T09:50:51.974Z,2021-10-05T09:50:51.973Z,2016-08-17T21:04:45Z,4.831,Ch001_accrest_g,AMU
,,0,2016-07-05T09:50:51.974Z,2021-10-05T09:50:51.973Z,2016-08-17T21:04:49Z,5.45,Ch001_accrest_g,AMU
,,0,2016-07-05T09:50:51.974Z,2021-10-05T09:50:51.973Z,2016-08-17T21:04:51Z,4.733,Ch001_accrest_g,AMU
,,0,2016-07-05T09:50:51.974Z,2021-10-05T09:50:51.973Z,2016-08-17T21:04:53Z,5.161,Ch001_accrest_g,AMU
,,0,2016-07-05T09:50:51.974Z,2021-10-05T09:50:51.973Z,2016-08-17T21:04:55Z,4.948,Ch001_accrest_g,AMU
,,0,2016-07-05T09:50:51.974Z,2021-10-05T09:50:51.973Z,2016-08-17T21:04:57Z,4.739,Ch001_accrest_g,AMU
,,0,2016-07-05T09:50:51.974Z,2021-10-05T09:50:51.973Z,2016-08-17T21:04:59Z,5.763,Ch001_accrest_g,AMU
,,0,2016-07-05T09:50:51.974Z,2021-10-05T09:50:51.973Z,2016-08-17T21:05:01Z,5.535,Ch001_accrest_g,AMU
,,0,2016-07-05T09:50:51.974Z,2021-10-05T09:50:51.973Z,2016-08-17T21:05:05Z,4.921,Ch001_accrest_g,AMU
,,0,2016-07-05T09:50:51.974Z,2021-10-05T09:50:51.973Z,2016-08-17T21:05:07Z,5.015,Ch001_accrest_g,AMU
,,0,2016-07-05T09:50:51.974Z,2021-10-05T09:50:51.973Z,2016-08-17T21:05:09Z,5.278,Ch001_accrest_g,AMU
,,0,2016-07-05T09:50:51.974Z,2021-10-05T09:50:51.973Z,2016-08-17T21:05:11Z,5.321,Ch001_accrest_g,AMU
,,0,2016-07-05T09:50:51.974Z,2021-10-05T09:50:51.973Z,2016-08-17T21:05:13Z,5.351,Ch001_accrest_g,AMU
,,0,2016-07-05T09:50:51.974Z,2021-10-05T09:50:51.973Z,2016-08-17T21:05:15Z,5.282,Ch001_accrest_g,AMU
,,0,2016-07-05T09:50:51.974Z,2021-10-05T09:50:51.973Z,2016-08-17T21:05:17Z,5.384,Ch001_accrest_g,AMU
,,0,2016-07-05T09:50:51.974Z,2021-10-05T09:50:51.973Z,2016-08-17T21:05:19Z,4.888,Ch001_accrest_g,AMU
,,0,2016-07-05T09:50:51.974Z,2021-10-05T09:50:51.973Z,2016-08-17T21:05:21Z,5.036,Ch001_accrest_g,AMU
,,0,2016-07-05T09:50:51.974Z,2021-10-05T09:50:51.973Z,2016-08-17T21:05:23Z,4.858,Ch001_accrest_g,AMU
,,0,2016-07-05T09:50:51.974Z,2021-10-05T09:50:51.973Z,2016-08-17T21:05:25Z,4.8,Ch001_accrest_g,AMU
,,0,2016-07-05T09:50:51.974Z,2021-10-05T09:50:51.973Z,2016-08-17T21:05:29Z,5.096,Ch001_accrest_g,AMU
,,0,2016-07-05T09:50:51.974Z,2021-10-05T09:50:51.973Z,2016-08-17T21:05:31Z,5.904,Ch001_accrest_g,AMU
,,0,2016-07-05T09:50:51.974Z,2021-10-05T09:50:51.973Z,2016-08-17T21:05:33Z,4.867,Ch001_accrest_g,AMU
,,0,2016-07-05T09:50:51.974Z,2021-10-05T09:50:51.973Z,2016-08-17T21:05:35Z,5.206,Ch001_accrest_g,AMU
,,0,2016-07-05T09:50:51.974Z,2021-10-05T09:50:51.973Z,2016-08-17T21:05:37Z,4.911,Ch001_accrest_g,AMU
,,0,2016-07-05T09:50:51.974Z,2021-10-05T09:50:51.973Z,2016-08-17T21:05:39Z,4.938,Ch001_accrest_g,AMU
,,0,2016-07-05T09:50:51.974Z,2021-10-05T09:50:51.973Z,2016-08-17T21:05:41Z,4.786,Ch001_accrest_g,AMU
,,0,2016-07-05T09:50:51.974Z,2021-10-05T09:50:51.973Z,2016-08-17T21:05:43Z,5.277,Ch001_accrest_g,AMU
,,0,2016-07-05T09:50:51.974Z,2021-10-05T09:50:51.973Z,2016-08-17T21:05:45Z,4.79,Ch001_accrest_g,AMU
,,0,2016-07-05T09:50:51.974Z,2021-10-05T09:50:51.973Z,2016-08-17T21:05:47Z,5.147,Ch001_accrest_g,AMU
,,0,2016-07-05T09:50:51.974Z,2021-10-05T09:50:51.973Z,2016-08-17T21:05:49Z,5.253,Ch001_accrest_g,AMU
,,0,2016-07-05T09:50:51.974Z,2021-10-05T09:50:51.973Z,2016-08-17T21:05:51Z,5.107,Ch001_accrest_g,AMU
,,0,2016-07-05T09:50:51.974Z,2021-10-05T09:50:51.973Z,2016-08-17T21:05:53Z,6.23,Ch001_accrest_g,AMU
,,0,2016-07-05T09:50:51.974Z,2021-10-05T09:50:51.973Z,2016-08-17T21:05:55Z,6.302,Ch001_accrest_g,AMU
,,0,2016-07-05T09:50:51.974Z,2021-10-05T09:50:51.973Z,2016-08-17T21:05:57Z,5.383,Ch001_accrest_g,AMU
,,0,2016-07-05T09:50:51.974Z,2021-10-05T09:50:51.973Z,2016-08-17T21:05:59Z,5.688,Ch001_accrest_g,AMU
,,0,2016-07-05T09:50:51.974Z,2021-10-05T09:50:51.973Z,2016-08-17T21:06:01Z,5.247,Ch001_accrest_g,AMU
,,0,2016-07-05T09:50:51.974Z,2021-10-05T09:50:51.973Z,2016-08-17T21:06:03Z,5.022,Ch001_accrest_g,AMU
,,0,2016-07-05T09:50:51.974Z,2021-10-05T09:50:51.973Z,2016-08-17T21:06:05Z,4.988,Ch001_accrest_g,AMU
,,0,2016-07-05T09:50:51.974Z,2021-10-05T09:50:51.973Z,2016-08-17T21:06:07Z,5.479,Ch001_accrest_g,AMU
,,0,2016-07-05T09:50:51.974Z,2021-10-05T09:50:51.973Z,2016-08-17T21:06:09Z,5.909,Ch001_accrest_g,AMU
,,0,2016-07-05T09:50:51.974Z,2021-10-05T09:50:51.973Z,2016-08-17T21:06:11Z,5.379,Ch001_accrest_g,AMU
,,0,2016-07-05T09:50:51.974Z,2021-10-05T09:50:51.973Z,2016-08-17T21:06:13Z,5.153,Ch001_accrest_g,AMU
,,0,2016-07-05T09:50:51.974Z,2021-10-05T09:50:51.973Z,2016-08-17T21:06:17Z,4.866,Ch001_accrest_g,AMU
,,0,2016-07-05T09:50:51.974Z,2021-10-05T09:50:51.973Z,2016-08-17T21:06:19Z,4.965,Ch001_accrest_g,AMU
,,0,2016-07-05T09:50:51.974Z,2021-10-05T09:50:51.973Z,2016-08-17T21:06:23Z,4.916,Ch001_accrest_g,AMU
,,0,2016-07-05T09:50:51.974Z,2021-10-05T09:50:51.973Z,2016-08-17T21:06:25Z,5.13,Ch001_accrest_g,AMU
,,0,2016-07-05T09:50:51.974Z,2021-10-05T09:50:51.973Z,2016-08-17T21:06:27Z,5.175,Ch001_accrest_g,AMU
,,0,2016-07-05T09:50:51.974Z,2021-10-05T09:50:51.973Z,2016-08-17T21:06:29Z,4.664,Ch001_accrest_g,AMU
,,0,2016-07-05T09:50:51.974Z,2021-10-05T09:50:51.973Z,2016-08-17T21:06:31Z,5.424,Ch001_accrest_g,AMU
,,0,2016-07-05T09:50:51.974Z,2021-10-05T09:50:51.973Z,2016-08-17T21:06:33Z,5.439,Ch001_accrest_g,AMU
,,0,2016-07-05T09:50:51.974Z,2021-10-05T09:50:51.973Z,2016-08-17T21:06:35Z,5.035,Ch001_accrest_g,AMU
,,0,2016-07-05T09:50:51.974Z,2021-10-05T09:50:51.973Z,2016-08-17T21:06:37Z,5.292,Ch001_accrest_g,AMU
,,0,2016-07-05T09:50:51.974Z,2021-10-05T09:50:51.973Z,2016-08-17T21:06:39Z,4.989,Ch001_accrest_g,AMU
,,0,2016-07-05T09:50:51.974Z,2021-10-05T09:50:51.973Z,2016-08-17T21:06:41Z,6.096,Ch001_accrest_g,AMU
,,0,2016-07-05T09:50:51.974Z,2021-10-05T09:50:51.973Z,2016-08-17T21:06:43Z,5.64,Ch001_accrest_g,AMU
,,0,2016-07-05T09:50:51.974Z,2021-10-05T09:50:51.973Z,2016-08-17T21:06:45Z,5.268,Ch001_accrest_g,AMU
,,0,2016-07-05T09:50:51.974Z,2021-10-05T09:50:51.973Z,2016-08-17T21:06:47Z,4.954,Ch001_accrest_g,AMU
,,0,2016-07-05T09:50:51.974Z,2021-10-05T09:50:51.973Z,2016-08-17T21:06:49Z,4.98,Ch001_accrest_g,AMU
,,0,2016-07-05T09:50:51.974Z,2021-10-05T09:50:51.973Z,2016-08-17T21:06:51Z,5.094,Ch001_accrest_g,AMU
,,0,2016-07-05T09:50:51.974Z,2021-10-05T09:50:51.973Z,2016-08-17T21:06:53Z,5.515,Ch001_accrest_g,AMU
,,0,2016-07-05T09:50:51.974Z,2021-10-05T09:50:51.973Z,2016-08-17T21:06:57Z,5.405,Ch001_accrest_g,AMU
,,0,2016-07-05T09:50:51.974Z,2021-10-05T09:50:51.973Z,2016-08-17T21:06:59Z,5.027,Ch001_accrest_g,AMU
,,0,2016-07-05T09:50:51.974Z,2021-10-05T09:50:51.973Z,2016-08-17T21:07:01Z,5.042,Ch001_accrest_g,AMU
,,0,2016-07-05T09:50:51.974Z,2021-10-05T09:50:51.973Z,2016-08-17T21:07:03Z,5.212,Ch001_accrest_g,AMU
,,0,2016-07-05T09:50:51.974Z,2021-10-05T09:50:51.973Z,2016-08-17T21:07:05Z,5.598,Ch001_accrest_g,AMU
,,0,2016-07-05T09:50:51.974Z,2021-10-05T09:50:51.973Z,2016-08-17T21:07:07Z,5.182,Ch001_accrest_g,AMU
,,0,2016-07-05T09:50:51.974Z,2021-10-05T09:50:51.973Z,2016-08-17T21:07:09Z,5.202,Ch001_accrest_g,AMU
,,0,2016-07-05T09:50:51.974Z,2021-10-05T09:50:51.973Z,2016-08-17T21:07:11Z,4.85,Ch001_accrest_g,AMU
,,0,2016-07-05T09:50:51.974Z,2021-10-05T09:50:51.973Z,2016-08-17T21:07:13Z,4.943,Ch001_accrest_g,AMU
,,0,2016-07-05T09:50:51.974Z,2021-10-05T09:50:51.973Z,2016-08-17T21:07:15Z,5.7,Ch001_accrest_g,AMU
,,0,2016-07-05T09:50:51.974Z,2021-10-05T09:50:51.973Z,2016-08-17T21:07:19Z,5.307,Ch001_accrest_g,AMU
,,0,2016-07-05T09:50:51.974Z,2021-10-05T09:50:51.973Z,2016-08-17T21:07:21Z,5.774,Ch001_accrest_g,AMU
,,0,2016-07-05T09:50:51.974Z,2021-10-05T09:50:51.973Z,2016-08-17T21:07:27Z,4.76,Ch001_accrest_g,AMU
,,0,2016-07-05T09:50:51.974Z,2021-10-05T09:50:51.973Z,2016-08-17T21:07:31Z,5.334,Ch001_accrest_g,AMU
,,0,2016-07-05T09:50:51.974Z,2021-10-05T09:50:51.973Z,2016-08-17T21:07:33Z,5.503,Ch001_accrest_g,AMU
,,0,2016-07-05T09:50:51.974Z,2021-10-05T09:50:51.973Z,2016-08-17T21:07:35Z,5.308,Ch001_accrest_g,AMU
,,0,2016-07-05T09:50:51.974Z,2021-10-05T09:50:51.973Z,2016-08-17T21:07:39Z,5.046,Ch001_accrest_g,AMU
,,0,2016-07-05T09:50:51.974Z,2021-10-05T09:50:51.973Z,2016-08-17T21:07:41Z,5.313,Ch001_accrest_g,AMU
,,0,2016-07-05T09:50:51.974Z,2021-10-05T09:50:51.973Z,2016-08-17T21:07:43Z,4.885,Ch001_accrest_g,AMU
,,0,2016-07-05T09:50:51.974Z,2021-10-05T09:50:51.973Z,2016-08-17T21:07:45Z,5.146,Ch001_accrest_g,AMU
,,0,2016-07-05T09:50:51.974Z,2021-10-05T09:50:51.973Z,2016-08-17T21:07:47Z,5.076,Ch001_accrest_g,AMU
,,0,2016-07-05T09:50:51.974Z,2021-10-05T09:50:51.973Z,2016-08-17T21:07:49Z,5.017,Ch001_accrest_g,AMU
,,0,2016-07-05T09:50:51.974Z,2021-10-05T09:50:51.973Z,2016-08-17T21:07:51Z,5.404,Ch001_accrest_g,AMU
,,0,2016-07-05T09:50:51.974Z,2021-10-05T09:50:51.973Z,2016-08-17T21:07:53Z,5.006,Ch001_accrest_g,AMU
,,0,2016-07-05T09:50:51.974Z,2021-10-05T09:50:51.973Z,2016-08-17T21:07:57Z,4.895,Ch001_accrest_g,AMU
,,0,2016-07-05T09:50:51.974Z,2021-10-05T09:50:51.973Z,2016-08-17T21:07:59Z,4.718,Ch001_accrest_g,AMU
,,0,2016-07-05T09:50:51.974Z,2021-10-05T09:50:51.973Z,2016-08-17T21:08:01Z,5.686,Ch001_accrest_g,AMU
,,0,2016-07-05T09:50:51.974Z,2021-10-05T09:50:51.973Z,2016-08-17T21:08:03Z,5.091,Ch001_accrest_g,AMU
,,0,2016-07-05T09:50:51.974Z,2021-10-05T09:50:51.973Z,2016-08-17T21:08:05Z,5.556,Ch001_accrest_g,AMU
,,0,2016-07-05T09:50:51.974Z,2021-10-05T09:50:51.973Z,2016-08-17T21:08:09Z,5.089,Ch001_accrest_g,AMU
,,0,2016-07-05T09:50:51.974Z,2021-10-05T09:50:51.973Z,2016-08-17T21:08:11Z,5.238,Ch001_accrest_g,AMU
,,0,2016-07-05T09:50:51.974Z,2021-10-05T09:50:51.973Z,2016-08-17T21:08:15Z,4.933,Ch001_accrest_g,AMU
,,0,2016-07-05T09:50:51.974Z,2021-10-05T09:50:51.973Z,2016-08-17T21:08:17Z,4.823,Ch001_accrest_g,AMU
,,0,2016-07-05T09:50:51.974Z,2021-10-05T09:50:51.973Z,2016-08-17T21:08:19Z,5.306,Ch001_accrest_g,AMU
,,0,2016-07-05T09:50:51.974Z,2021-10-05T09:50:51.973Z,2016-08-17T21:08:21Z,5.31,Ch001_accrest_g,AMU
,,0,2016-07-05T09:50:51.974Z,2021-10-05T09:50:51.973Z,2016-08-17T21:08:23Z,6.142,Ch001_accrest_g,AMU
,,0,2016-07-05T09:50:51.974Z,2021-10-05T09:50:51.973Z,2016-08-17T21:08:25Z,5.117,Ch001_accrest_g,AMU
,,0,2016-07-05T09:50:51.974Z,2021-10-05T09:50:51.973Z,2016-08-17T21:08:27Z,5.801,Ch001_accrest_g,AMU
,,0,2016-07-05T09:50:51.974Z,2021-10-05T09:50:51.973Z,2016-08-17T21:08:29Z,4.782,Ch001_accrest_g,AMU
,,0,2016-07-05T09:50:51.974Z,2021-10-05T09:50:51.973Z,2016-08-17T21:08:31Z,5.468,Ch001_accrest_g,AMU
,,0,2016-07-05T09:50:51.974Z,2021-10-05T09:50:51.973Z,2016-08-17T21:08:35Z,5.082,Ch001_accrest_g,AMU
,,0,2016-07-05T09:50:51.974Z,2021-10-05T09:50:51.973Z,2016-08-17T21:08:37Z,5.33,Ch001_accrest_g,AMU
,,0,2016-07-05T09:50:51.974Z,2021-10-05T09:50:51.973Z,2016-08-17T21:08:39Z,4.667,Ch001_accrest_g,AMU
,,0,2016-07-05T09:50:51.974Z,2021-10-05T09:50:51.973Z,2016-08-17T21:08:41Z,5.013,Ch001_accrest_g,AMU
,,0,2016-07-05T09:50:51.974Z,2021-10-05T09:50:51.973Z,2016-08-17T21:08:43Z,4.949,Ch001_accrest_g,AMU
,,0,2016-07-05T09:50:51.974Z,2021-10-05T09:50:51.973Z,2016-08-17T21:08:45Z,5.021,Ch001_accrest_g,AMU
,,0,2016-07-05T09:50:51.974Z,2021-10-05T09:50:51.973Z,2016-08-17T21:08:47Z,5.284,Ch001_accrest_g,AMU
,,0,2016-07-05T09:50:51.974Z,2021-10-05T09:50:51.973Z,2016-08-17T21:08:51Z,4.795,Ch001_accrest_g,AMU
,,0,2016-07-05T09:50:51.974Z,2021-10-05T09:50:51.973Z,2016-08-17T21:08:53Z,4.878,Ch001_accrest_g,AMU
,,0,2016-07-05T09:50:51.974Z,2021-10-05T09:50:51.973Z,2016-08-17T21:08:55Z,4.808,Ch001_accrest_g,AMU
,,0,2016-07-05T09:50:51.974Z,2021-10-05T09:50:51.973Z,2016-08-17T21:08:59Z,4.96,Ch001_accrest_g,AMU
,,0,2016-07-05T09:50:51.974Z,2021-10-05T09:50:51.973Z,2016-08-17T21:09:01Z,5.008,Ch001_accrest_g,AMU
,,0,2016-07-05T09:50:51.974Z,2021-10-05T09:50:51.973Z,2016-08-17T21:09:03Z,5.817,Ch001_accrest_g,AMU
,,0,2016-07-05T09:50:51.974Z,2021-10-05T09:50:51.973Z,2016-08-17T21:09:07Z,4.915,Ch001_accrest_g,AMU
,,0,2016-07-05T09:50:51.974Z,2021-10-05T09:50:51.973Z,2016-08-17T21:09:09Z,5.143,Ch001_accrest_g,AMU
,,0,2016-07-05T09:50:51.974Z,2021-10-05T09:50:51.973Z,2016-08-17T21:09:11Z,4.903,Ch001_accrest_g,AMU
,,0,2016-07-05T09:50:51.974Z,2021-10-05T09:50:51.973Z,2016-08-17T21:09:15Z,5.298,Ch001_accrest_g,AMU
,,0,2016-07-05T09:50:51.974Z,2021-10-05T09:50:51.973Z,2016-08-17T21:09:19Z,5.408,Ch001_accrest_g,AMU
,,0,2016-07-05T09:50:51.974Z,2021-10-05T09:50:51.973Z,2016-08-17T21:09:21Z,5.275,Ch001_accrest_g,AMU
,,0,2016-07-05T09:50:51.974Z,2021-10-05T09:50:51.973Z,2016-08-17T21:09:25Z,4.735,Ch001_accrest_g,AMU
,,0,2016-07-05T09:50:51.974Z,2021-10-05T09:50:51.973Z,2016-08-17T21:09:27Z,5.328,Ch001_accrest_g,AMU
,,0,2016-07-05T09:50:51.974Z,2021-10-05T09:50:51.973Z,2016-08-17T21:09:29Z,5.048,Ch001_accrest_g,AMU
,,0,2016-07-05T09:50:51.974Z,2021-10-05T09:50:51.973Z,2016-08-17T21:09:31Z,5.125,Ch001_accrest_g,AMU
,,0,2016-07-05T09:50:51.974Z,2021-10-05T09:50:51.973Z,2016-08-17T21:09:33Z,4.962,Ch001_accrest_g,AMU
,,0,2016-07-05T09:50:51.974Z,2021-10-05T09:50:51.973Z,2016-08-17T21:09:35Z,5.357,Ch001_accrest_g,AMU
,,0,2016-07-05T09:50:51.974Z,2021-10-05T09:50:51.973Z,2016-08-17T21:09:37Z,5.859,Ch001_accrest_g,AMU
,,0,2016-07-05T09:50:51.974Z,2021-10-05T09:50:51.973Z,2016-08-17T21:09:39Z,4.869,Ch001_accrest_g,AMU
,,0,2016-07-05T09:50:51.974Z,2021-10-05T09:50:51.973Z,2016-08-17T21:09:41Z,5.033,Ch001_accrest_g,AMU
,,0,2016-07-05T09:50:51.974Z,2021-10-05T09:50:51.973Z,2016-08-17T21:09:43Z,4.872,Ch001_accrest_g,AMU
,,0,2016-07-05T09:50:51.974Z,2021-10-05T09:50:51.973Z,2016-08-17T21:09:45Z,5.637,Ch001_accrest_g,AMU
,,0,2016-07-05T09:50:51.974Z,2021-10-05T09:50:51.973Z,2016-08-17T21:09:47Z,5.359,Ch001_accrest_g,AMU
,,0,2016-07-05T09:50:51.974Z,2021-10-05T09:50:51.973Z,2016-08-17T21:09:49Z,4.973,Ch001_accrest_g,AMU
,,0,2016-07-05T09:50:51.974Z,2021-10-05T09:50:51.973Z,2016-08-17T21:09:53Z,5.133,Ch001_accrest_g,AMU
,,0,2016-07-05T09:50:51.974Z,2021-10-05T09:50:51.973Z,2016-08-17T21:09:55Z,5.395,Ch001_accrest_g,AMU
,,0,2016-07-05T09:50:51.974Z,2021-10-05T09:50:51.973Z,2016-08-17T21:09:59Z,5.219,Ch001_accrest_g,AMU
,,0,2016-07-05T09:50:51.974Z,2021-10-05T09:50:51.973Z,2016-08-17T21:10:03Z,5.719,Ch001_accrest_g,AMU
,,0,2016-07-05T09:50:51.974Z,2021-10-05T09:50:51.973Z,2016-08-17T21:10:05Z,5.478,Ch001_accrest_g,AMU
,,0,2016-07-05T09:50:51.974Z,2021-10-05T09:50:51.973Z,2016-08-17T21:10:07Z,5.169,Ch001_accrest_g,AMU
,,0,2016-07-05T09:50:51.974Z,2021-10-05T09:50:51.973Z,2016-08-17T21:10:09Z,5.349,Ch001_accrest_g,AMU
,,0,2016-07-05T09:50:51.974Z,2021-10-05T09:50:51.973Z,2016-08-17T21:10:11Z,5.193,Ch001_accrest_g,AMU
,,0,2016-07-05T09:50:51.974Z,2021-10-05T09:50:51.973Z,2016-08-17T21:10:15Z,4.653,Ch001_accrest_g,AMU
,,0,2016-07-05T09:50:51.974Z,2021-10-05T09:50:51.973Z,2016-08-17T21:10:23Z,4.604,Ch001_accrest_g,AMU
,,0,2016-07-05T09:50:51.974Z,2021-10-05T09:50:51.973Z,2016-08-17T21:10:25Z,5.053,Ch001_accrest_g,AMU
,,0,2016-07-05T09:50:51.974Z,2021-10-05T09:50:51.973Z,2016-08-17T21:10:29Z,5.707,Ch001_accrest_g,AMU
,,0,2016-07-05T09:50:51.974Z,2021-10-05T09:50:51.973Z,2016-08-17T21:10:31Z,4.787,Ch001_accrest_g,AMU
,,0,2016-07-05T09:50:51.974Z,2021-10-05T09:50:51.973Z,2016-08-17T21:10:37Z,5.064,Ch001_accrest_g,AMU
,,0,2016-07-05T09:50:51.974Z,2021-10-05T09:50:51.973Z,2016-08-17T21:10:39Z,4.968,Ch001_accrest_g,AMU
,,0,2016-07-05T09:50:51.974Z,2021-10-05T09:50:51.973Z,2016-08-17T21:10:43Z,4.853,Ch001_accrest_g,AMU
,,0,2016-07-05T09:50:51.974Z,2021-10-05T09:50:51.973Z,2016-08-17T21:10:45Z,5.622,Ch001_accrest_g,AMU
,,0,2016-07-05T09:50:51.974Z,2021-10-05T09:50:51.973Z,2016-08-17T21:10:47Z,5.415,Ch001_accrest_g,AMU
,,0,2016-07-05T09:50:51.974Z,2021-10-05T09:50:51.973Z,2016-08-17T21:10:49Z,4.698,Ch001_accrest_g,AMU
,,0,2016-07-05T09:50:51.974Z,2021-10-05T09:50:51.973Z,2016-08-17T21:10:51Z,4.93,Ch001_accrest_g,AMU
,,0,2016-07-05T09:50:51.974Z,2021-10-05T09:50:51.973Z,2016-08-17T21:10:53Z,5.216,Ch001_accrest_g,AMU
,,0,2016-07-05T09:50:51.974Z,2021-10-05T09:50:51.973Z,2016-08-17T21:10:55Z,5.154,Ch001_accrest_g,AMU
,,0,2016-07-05T09:50:51.974Z,2021-10-05T09:50:51.973Z,2016-08-17T21:10:59Z,4.857,Ch001_accrest_g,AMU
,,0,2016-07-05T09:50:51.974Z,2021-10-05T09:50:51.973Z,2016-08-17T21:11:01Z,4.871,Ch001_accrest_g,AMU
,,0,2016-07-05T09:50:51.974Z,2021-10-05T09:50:51.973Z,2016-08-17T21:11:03Z,5.315,Ch001_accrest_g,AMU
,,0,2016-07-05T09:50:51.974Z,2021-10-05T09:50:51.973Z,2016-08-17T21:11:05Z,5.26,Ch001_accrest_g,AMU
,,0,2016-07-05T09:50:51.974Z,2021-10-05T09:50:51.973Z,2016-08-17T21:11:07Z,5.105,Ch001_accrest_g,AMU
,,0,2016-07-05T09:50:51.974Z,2021-10-05T09:50:51.973Z,2016-08-17T21:11:09Z,5.115,Ch001_accrest_g,AMU
,,0,2016-07-05T09:50:51.974Z,2021-10-05T09:50:51.973Z,2016-08-17T21:11:13Z,4.886,Ch001_accrest_g,AMU
,,0,2016-07-05T09:50:51.974Z,2021-10-05T09:50:51.973Z,2016-08-17T21:11:15Z,5.106,Ch001_accrest_g,AMU
,,0,2016-07-05T09:50:51.974Z,2021-10-05T09:50:51.973Z,2016-08-17T21:11:19Z,5.208,Ch001_accrest_g,AMU
,,0,2016-07-05T09:50:51.974Z,2021-10-05T09:50:51.973Z,2016-08-17T21:11:27Z,4.775,Ch001_accrest_g,AMU
,,0,2016-07-05T09:50:51.974Z,2021-10-05T09:50:51.973Z,2016-08-17T21:11:29Z,5.71,Ch001_accrest_g,AMU
,,0,2016-07-05T09:50:51.974Z,2021-10-05T09:50:51.973Z,2016-08-17T21:11:33Z,5.365,Ch001_accrest_g,AMU
,,0,2016-07-05T09:50:51.974Z,2021-10-05T09:50:51.973Z,2016-08-17T21:11:35Z,6.222,Ch001_accrest_g,AMU
,,0,2016-07-05T09:50:51.974Z,2021-10-05T09:50:51.973Z,2016-08-17T21:11:39Z,5.297,Ch001_accrest_g,AMU
,,0,2016-07-05T09:50:51.974Z,2021-10-05T09:50:51.973Z,2016-08-17T21:11:41Z,6.041,Ch001_accrest_g,AMU
,,0,2016-07-05T09:50:51.974Z,2021-10-05T09:50:51.973Z,2016-08-17T21:11:45Z,5.211,Ch001_accrest_g,AMU
,,0,2016-07-05T09:50:51.974Z,2021-10-05T09:50:51.973Z,2016-08-17T21:11:47Z,5.58,Ch001_accrest_g,AMU
,,0,2016-07-05T09:50:51.974Z,2021-10-05T09:50:51.973Z,2016-08-17T21:11:51Z,4.813,Ch001_accrest_g,AMU
,,0,2016-07-05T09:50:51.974Z,2021-10-05T09:50:51.973Z,2016-08-17T21:11:53Z,4.898,Ch001_accrest_g,AMU
,,0,2016-07-05T09:50:51.974Z,2021-10-05T09:50:51.973Z,2016-08-17T21:11:55Z,5.722,Ch001_accrest_g,AMU
,,0,2016-07-05T09:50:51.974Z,2021-10-05T09:50:51.973Z,2016-08-17T21:11:57Z,5.097,Ch001_accrest_g,AMU
,,0,2016-07-05T09:50:51.974Z,2021-10-05T09:50:51.973Z,2016-08-17T21:11:59Z,5.48,Ch001_accrest_g,AMU
,,0,2016-07-05T09:50:51.974Z,2021-10-05T09:50:51.973Z,2016-08-17T21:12:01Z,5.592,Ch001_accrest_g,AMU
,,0,2016-07-05T09:50:51.974Z,2021-10-05T09:50:51.973Z,2016-08-17T21:12:07Z,5.245,Ch001_accrest_g,AMU
,,0,2016-07-05T09:50:51.974Z,2021-10-05T09:50:51.973Z,2016-08-17T21:12:09Z,5.176,Ch001_accrest_g,AMU
,,0,2016-07-05T09:50:51.974Z,2021-10-05T09:50:51.973Z,2016-08-17T21:12:11Z,5.073,Ch001_accrest_g,AMU
,,0,2016-07-05T09:50:51.974Z,2021-10-05T09:50:51.973Z,2016-08-17T21:12:13Z,5.286,Ch001_accrest_g,AMU
,,0,2016-07-05T09:50:51.974Z,2021-10-05T09:50:51.973Z,2016-08-17T21:12:17Z,6.234,Ch001_accrest_g,AMU
,,0,2016-07-05T09:50:51.974Z,2021-10-05T09:50:51.973Z,2016-08-17T21:12:19Z,5.83,Ch001_accrest_g,AMU
,,0,2016-07-05T09:50:51.974Z,2021-10-05T09:50:51.973Z,2016-08-17T21:12:23Z,5.05,Ch001_accrest_g,AMU
,,0,2016-07-05T09:50:51.974Z,2021-10-05T09:50:51.973Z,2016-08-17T21:12:25Z,5.718,Ch001_accrest_g,AMU
,,0,2016-07-05T09:50:51.974Z,2021-10-05T09:50:51.973Z,2016-08-17T21:12:27Z,4.817,Ch001_accrest_g,AMU
,,0,2016-07-05T09:50:51.974Z,2021-10-05T09:50:51.973Z,2016-08-17T21:12:29Z,4.723,Ch001_accrest_g,AMU
,,0,2016-07-05T09:50:51.974Z,2021-10-05T09:50:51.973Z,2016-08-17T21:12:31Z,5.052,Ch001_accrest_g,AMU
,,0,2016-07-05T09:50:51.974Z,2021-10-05T09:50:51.973Z,2016-08-17T21:12:33Z,5.04,Ch001_accrest_g,AMU
,,0,2016-07-05T09:50:51.974Z,2021-10-05T09:50:51.973Z,2016-08-17T21:12:37Z,4.914,Ch001_accrest_g,AMU
,,0,2016-07-05T09:50:51.974Z,2021-10-05T09:50:51.973Z,2016-08-17T21:12:41Z,5.005,Ch001_accrest_g,AMU
,,0,2016-07-05T09:50:51.974Z,2021-10-05T09:50:51.973Z,2016-08-17T21:12:43Z,4.812,Ch001_accrest_g,AMU
,,0,2016-07-05T09:50:51.974Z,2021-10-05T09:50:51.973Z,2016-08-17T21:12:45Z,5.521,Ch001_accrest_g,AMU
,,0,2016-07-05T09:50:51.974Z,2021-10-05T09:50:51.973Z,2016-08-17T21:12:47Z,4.994,Ch001_accrest_g,AMU
,,0,2016-07-05T09:50:51.974Z,2021-10-05T09:50:51.973Z,2016-08-17T21:12:51Z,5.492,Ch001_accrest_g,AMU
,,0,2016-07-05T09:50:51.974Z,2021-10-05T09:50:51.973Z,2016-08-17T21:12:53Z,5.581,Ch001_accrest_g,AMU
,,0,2016-07-05T09:50:51.974Z,2021-10-05T09:50:51.973Z,2016-08-17T21:12:55Z,4.553,Ch001_accrest_g,AMU
,,0,2016-07-05T09:50:51.974Z,2021-10-05T09:50:51.973Z,2016-08-17T21:12:59Z,5.429,Ch001_accrest_g,AMU
,,0,2016-07-05T09:50:51.974Z,2021-10-05T09:50:51.973Z,2016-08-17T21:13:07Z,5.162,Ch001_accrest_g,AMU
,,0,2016-07-05T09:50:51.974Z,2021-10-05T09:50:51.973Z,2016-08-17T21:13:11Z,4.587,Ch001_accrest_g,AMU
,,0,2016-07-05T09:50:51.974Z,2021-10-05T09:50:51.973Z,2016-08-17T21:13:13Z,5.174,Ch001_accrest_g,AMU
,,0,2016-07-05T09:50:51.974Z,2021-10-05T09:50:51.973Z,2016-08-17T21:13:15Z,5.217,Ch001_accrest_g,AMU
,,0,2016-07-05T09:50:51.974Z,2021-10-05T09:50:51.973Z,2016-08-17T21:13:19Z,5.038,Ch001_accrest_g,AMU
,,0,2016-07-05T09:50:51.974Z,2021-10-05T09:50:51.973Z,2016-08-17T21:13:21Z,5.274,Ch001_accrest_g,AMU
,,0,2016-07-05T09:50:51.974Z,2021-10-05T09:50:51.973Z,2016-08-17T21:13:23Z,4.997,Ch001_accrest_g,AMU
,,0,2016-07-05T09:50:51.974Z,2021-10-05T09:50:51.973Z,2016-08-17T21:13:27Z,4.935,Ch001_accrest_g,AMU
,,0,2016-07-05T09:50:51.974Z,2021-10-05T09:50:51.973Z,2016-08-17T21:13:29Z,4.837,Ch001_accrest_g,AMU
,,0,2016-07-05T09:50:51.974Z,2021-10-05T09:50:51.973Z,2016-08-17T21:13:33Z,5.42,Ch001_accrest_g,AMU
,,0,2016-07-05T09:50:51.974Z,2021-10-05T09:50:51.973Z,2016-08-17T21:13:39Z,5.02,Ch001_accrest_g,AMU
,,0,2016-07-05T09:50:51.974Z,2021-10-05T09:50:51.973Z,2016-08-17T21:13:45Z,5.46,Ch001_accrest_g,AMU
,,0,2016-07-05T09:50:51.974Z,2021-10-05T09:50:51.973Z,2016-08-17T21:13:49Z,5.056,Ch001_accrest_g,AMU
,,0,2016-07-05T09:50:51.974Z,2021-10-05T09:50:51.973Z,2016-08-17T21:13:51Z,4.887,Ch001_accrest_g,AMU
,,0,2016-07-05T09:50:51.974Z,2021-10-05T09:50:51.973Z,2016-08-17T21:13:53Z,5.927,Ch001_accrest_g,AMU
,,0,2016-07-05T09:50:51.974Z,2021-10-05T09:50:51.973Z,2016-08-17T21:13:55Z,5.003,Ch001_accrest_g,AMU
,,0,2016-07-05T09:50:51.974Z,2021-10-05T09:50:51.973Z,2016-08-17T21:13:57Z,5.745,Ch001_accrest_g,AMU
,,0,2016-07-05T09:50:51.974Z,2021-10-05T09:50:51.973Z,2016-08-17T21:14:05Z,5.031,Ch001_accrest_g,AMU
,,0,2016-07-05T09:50:51.974Z,2021-10-05T09:50:51.973Z,2016-08-17T21:14:07Z,5.35,Ch001_accrest_g,AMU
,,0,2016-07-05T09:50:51.974Z,2021-10-05T09:50:51.973Z,2016-08-17T21:14:09Z,5.401,Ch001_accrest_g,AMU
,,0,2016-07-05T09:50:51.974Z,2021-10-05T09:50:51.973Z,2016-08-17T21:14:15Z,4.981,Ch001_accrest_g,AMU
,,0,2016-07-05T09:50:51.974Z,2021-10-05T09:50:51.973Z,2016-08-17T21:14:17Z,4.959,Ch001_accrest_g,AMU
,,0,2016-07-05T09:50:51.974Z,2021-10-05T09:50:51.973Z,2016-08-17T21:14:21Z,4.94,Ch001_accrest_g,AMU
,,0,2016-07-05T09:50:51.974Z,2021-10-05T09:50:51.973Z,2016-08-17T21:14:23Z,5.011,Ch001_accrest_g,AMU
,,0,2016-07-05T09:50:51.974Z,2021-10-05T09:50:51.973Z,2016-08-17T21:14:25Z,5.03,Ch001_accrest_g,AMU
,,0,2016-07-05T09:50:51.974Z,2021-10-05T09:50:51.973Z,2016-08-17T21:14:27Z,5.228,Ch001_accrest_g,AMU
,,0,2016-07-05T09:50:51.974Z,2021-10-05T09:50:51.973Z,2016-08-17T21:14:29Z,4.881,Ch001_accrest_g,AMU
,,0,2016-07-05T09:50:51.974Z,2021-10-05T09:50:51.973Z,2016-08-17T21:14:33Z,4.803,Ch001_accrest_g,AMU
,,0,2016-07-05T09:50:51.974Z,2021-10-05T09:50:51.973Z,2016-08-17T21:14:35Z,4.945,Ch001_accrest_g,AMU
,,0,2016-07-05T09:50:51.974Z,2021-10-05T09:50:51.973Z,2016-08-17T21:14:39Z,5.067,Ch001_accrest_g,AMU
,,0,2016-07-05T09:50:51.974Z,2021-10-05T09:50:51.973Z,2016-08-17T21:14:43Z,5.652,Ch001_accrest_g,AMU
,,0,2016-07-05T09:50:51.974Z,2021-10-05T09:50:51.973Z,2016-08-17T21:14:45Z,4.769,Ch001_accrest_g,AMU
,,0,2016-07-05T09:50:51.974Z,2021-10-05T09:50:51.973Z,2016-08-17T21:14:49Z,4.694,Ch001_accrest_g,AMU
,,0,2016-07-05T09:50:51.974Z,2021-10-05T09:50:51.973Z,2016-08-17T21:14:51Z,5.497,Ch001_accrest_g,AMU
,,0,2016-07-05T09:50:51.974Z,2021-10-05T09:50:51.973Z,2016-08-17T21:14:53Z,4.842,Ch001_accrest_g,AMU
,,0,2016-07-05T09:50:51.974Z,2021-10-05T09:50:51.973Z,2016-08-17T21:14:55Z,5.603,Ch001_accrest_g,AMU
,,0,2016-07-05T09:50:51.974Z,2021-10-05T09:50:51.973Z,2016-08-17T21:15:01Z,5.059,Ch001_accrest_g,AMU
,,0,2016-07-05T09:50:51.974Z,2021-10-05T09:50:51.973Z,2016-08-17T21:15:03Z,5.167,Ch001_accrest_g,AMU
,,0,2016-07-05T09:50:51.974Z,2021-10-05T09:50:51.973Z,2016-08-17T21:15:05Z,5.124,Ch001_accrest_g,AMU
,,0,2016-07-05T09:50:51.974Z,2021-10-05T09:50:51.973Z,2016-08-17T21:15:07Z,5.032,Ch001_accrest_g,AMU
,,0,2016-07-05T09:50:51.974Z,2021-10-05T09:50:51.973Z,2016-08-17T21:15:09Z,5.028,Ch001_accrest_g,AMU
,,0,2016-07-05T09:50:51.974Z,2021-10-05T09:50:51.973Z,2016-08-17T21:15:13Z,5.074,Ch001_accrest_g,AMU
,,0,2016-07-05T09:50:51.974Z,2021-10-05T09:50:51.973Z,2016-08-17T21:15:15Z,5.465,Ch001_accrest_g,AMU
,,0,2016-07-05T09:50:51.974Z,2021-10-05T09:50:51.973Z,2016-08-17T21:15:17Z,5.647,Ch001_accrest_g,AMU
,,0,2016-07-05T09:50:51.974Z,2021-10-05T09:50:51.973Z,2016-08-17T21:15:21Z,5.605,Ch001_accrest_g,AMU
,,0,2016-07-05T09:50:51.974Z,2021-10-05T09:50:51.973Z,2016-08-17T21:15:23Z,5.129,Ch001_accrest_g,AMU
,,0,2016-07-05T09:50:51.974Z,2021-10-05T09:50:51.973Z,2016-08-17T21:15:29Z,5.687,Ch001_accrest_g,AMU
,,0,2016-07-05T09:50:51.974Z,2021-10-05T09:50:51.973Z,2016-08-17T21:15:31Z,5.27,Ch001_accrest_g,AMU
,,0,2016-07-05T09:50:51.974Z,2021-10-05T09:50:51.973Z,2016-08-17T21:15:33Z,5.137,Ch001_accrest_g,AMU
,,0,2016-07-05T09:50:51.974Z,2021-10-05T09:50:51.973Z,2016-08-17T21:15:37Z,5.235,Ch001_accrest_g,AMU
,,0,2016-07-05T09:50:51.974Z,2021-10-05T09:50:51.973Z,2016-08-17T21:15:41Z,5.714,Ch001_accrest_g,AMU
,,0,2016-07-05T09:50:51.974Z,2021-10-05T09:50:51.973Z,2016-08-17T21:15:43Z,4.897,Ch001_accrest_g,AMU
,,0,2016-07-05T09:50:51.974Z,2021-10-05T09:50:51.973Z,2016-08-17T21:15:49Z,4.913,Ch001_accrest_g,AMU
,,0,2016-07-05T09:50:51.974Z,2021-10-05T09:50:51.973Z,2016-08-17T21:15:51Z,5.341,Ch001_accrest_g,AMU
,,0,2016-07-05T09:50:51.974Z,2021-10-05T09:50:51.973Z,2016-08-17T21:15:53Z,5.303,Ch001_accrest_g,AMU
,,0,2016-07-05T09:50:51.974Z,2021-10-05T09:50:51.973Z,2016-08-17T21:15:55Z,5.155,Ch001_accrest_g,AMU
,,0,2016-07-05T09:50:51.974Z,2021-10-05T09:50:51.973Z,2016-08-17T21:16:01Z,5.061,Ch001_accrest_g,AMU
,,0,2016-07-05T09:50:51.974Z,2021-10-05T09:50:51.973Z,2016-08-17T21:16:05Z,4.634,Ch001_accrest_g,AMU
,,0,2016-07-05T09:50:51.974Z,2021-10-05T09:50:51.973Z,2016-08-17T21:16:09Z,4.923,Ch001_accrest_g,AMU
,,0,2016-07-05T09:50:51.974Z,2021-10-05T09:50:51.973Z,2016-08-17T21:16:11Z,4.822,Ch001_accrest_g,AMU
,,0,2016-07-05T09:50:51.974Z,2021-10-05T09:50:51.973Z,2016-08-17T21:16:13Z,5.265,Ch001_accrest_g,AMU
,,0,2016-07-05T09:50:51.974Z,2021-10-05T09:50:51.973Z,2016-08-17T21:16:17Z,4.929,Ch001_accrest_g,AMU
,,0,2016-07-05T09:50:51.974Z,2021-10-05T09:50:51.973Z,2016-08-17T21:16:23Z,5.51,Ch001_accrest_g,AMU
,,0,2016-07-05T09:50:51.974Z,2021-10-05T09:50:51.973Z,2016-08-17T21:16:25Z,5.263,Ch001_accrest_g,AMU
,,0,2016-07-05T09:50:51.974Z,2021-10-05T09:50:51.973Z,2016-08-17T21:16:29Z,5.119,Ch001_accrest_g,AMU
,,0,2016-07-05T09:50:51.974Z,2021-10-05T09:50:51.973Z,2016-08-17T21:16:35Z,5.084,Ch001_accrest_g,AMU
,,0,2016-07-05T09:50:51.974Z,2021-10-05T09:50:51.973Z,2016-08-17T21:16:37Z,4.799,Ch001_accrest_g,AMU
,,0,2016-07-05T09:50:51.974Z,2021-10-05T09:50:51.973Z,2016-08-17T21:16:39Z,4.893,Ch001_accrest_g,AMU
,,0,2016-07-05T09:50:51.974Z,2021-10-05T09:50:51.973Z,2016-08-17T21:16:41Z,5.322,Ch001_accrest_g,AMU
,,0,2016-07-05T09:50:51.974Z,2021-10-05T09:50:51.973Z,2016-08-17T21:16:43Z,5.706,Ch001_accrest_g,AMU
,,0,2016-07-05T09:50:51.974Z,2021-10-05T09:50:51.973Z,2016-08-17T21:16:47Z,5.121,Ch001_accrest_g,AMU
,,0,2016-07-05T09:50:51.974Z,2021-10-05T09:50:51.973Z,2016-08-17T21:16:53Z,5.014,Ch001_accrest_g,AMU
,,0,2016-07-05T09:50:51.974Z,2021-10-05T09:50:51.973Z,2016-08-17T21:16:55Z,5.443,Ch001_accrest_g,AMU
,,0,2016-07-05T09:50:51.974Z,2021-10-05T09:50:51.973Z,2016-08-17T21:16:59Z,4.741,Ch001_accrest_g,AMU
,,0,2016-07-05T09:50:51.974Z,2021-10-05T09:50:51.973Z,2016-08-17T21:17:01Z,4.628,Ch001_accrest_g,AMU
,,0,2016-07-05T09:50:51.974Z,2021-10-05T09:50:51.973Z,2016-08-17T21:17:05Z,5.171,Ch001_accrest_g,AMU
,,0,2016-07-05T09:50:51.974Z,2021-10-05T09:50:51.973Z,2016-08-17T21:17:07Z,4.419,Ch001_accrest_g,AMU
,,0,2016-07-05T09:50:51.974Z,2021-10-05T09:50:51.973Z,2016-08-17T21:17:09Z,5.327,Ch001_accrest_g,AMU
,,0,2016-07-05T09:50:51.974Z,2021-10-05T09:50:51.973Z,2016-08-17T21:17:11Z,4.754,Ch001_accrest_g,AMU
,,0,2016-07-05T09:50:51.974Z,2021-10-05T09:50:51.973Z,2016-08-17T21:17:13Z,5.062,Ch001_accrest_g,AMU
,,0,2016-07-05T09:50:51.974Z,2021-10-05T09:50:51.973Z,2016-08-17T21:17:15Z,5.276,Ch001_accrest_g,AMU
,,0,2016-07-05T09:50:51.974Z,2021-10-05T09:50:51.973Z,2016-08-17T21:17:17Z,5.558,Ch001_accrest_g,AMU
,,0,2016-07-05T09:50:51.974Z,2021-10-05T09:50:51.973Z,2016-08-17T21:17:19Z,5.414,Ch001_accrest_g,AMU
,,0,2016-07-05T09:50:51.974Z,2021-10-05T09:50:51.973Z,2016-08-17T21:17:23Z,4.689,Ch001_accrest_g,AMU
,,0,2016-07-05T09:50:51.974Z,2021-10-05T09:50:51.973Z,2016-08-17T21:17:25Z,5.196,Ch001_accrest_g,AMU
,,0,2016-07-05T09:50:51.974Z,2021-10-05T09:50:51.973Z,2016-08-17T21:17:29Z,5.512,Ch001_accrest_g,AMU
,,0,2016-07-05T09:50:51.974Z,2021-10-05T09:50:51.973Z,2016-08-17T21:17:31Z,4.958,Ch001_accrest_g,AMU
,,0,2016-07-05T09:50:51.974Z,2021-10-05T09:50:51.973Z,2016-08-17T21:17:35Z,5.579,Ch001_accrest_g,AMU
,,0,2016-07-05T09:50:51.974Z,2021-10-05T09:50:51.973Z,2016-08-17T21:17:39Z,5.47,Ch001_accrest_g,AMU
,,0,2016-07-05T09:50:51.974Z,2021-10-05T09:50:51.973Z,2016-08-17T21:17:41Z,5.798,Ch001_accrest_g,AMU
,,0,2016-07-05T09:50:51.974Z,2021-10-05T09:50:51.973Z,2016-08-17T21:17:43Z,5.697,Ch001_accrest_g,AMU
,,0,2016-07-05T09:50:51.974Z,2021-10-05T09:50:51.973Z,2016-08-17T21:17:45Z,5.57,Ch001_accrest_g,AMU
,,0,2016-07-05T09:50:51.974Z,2021-10-05T09:50:51.973Z,2016-08-17T21:17:47Z,5.392,Ch001_accrest_g,AMU
,,0,2016-07-05T09:50:51.974Z,2021-10-05T09:50:51.973Z,2016-08-17T21:17:49Z,5.071,Ch001_accrest_g,AMU
,,0,2016-07-05T09:50:51.974Z,2021-10-05T09:50:51.973Z,2016-08-17T21:17:51Z,5.56,Ch001_accrest_g,AMU
,,0,2016-07-05T09:50:51.974Z,2021-10-05T09:50:51.973Z,2016-08-17T21:17:53Z,4.889,Ch001_accrest_g,AMU
,,0,2016-07-05T09:50:51.974Z,2021-10-05T09:50:51.973Z,2016-08-17T21:17:55Z,4.784,Ch001_accrest_g,AMU
,,0,2016-07-05T09:50:51.974Z,2021-10-05T09:50:51.973Z,2016-08-17T21:17:57Z,4.757,Ch001_accrest_g,AMU
,,0,2016-07-05T09:50:51.974Z,2021-10-05T09:50:51.973Z,2016-08-17T21:17:59Z,5.173,Ch001_accrest_g,AMU
,,0,2016-07-05T09:50:51.974Z,2021-10-05T09:50:51.973Z,2016-08-17T21:18:05Z,5.234,Ch001_accrest_g,AMU
,,0,2016-07-05T09:50:51.974Z,2021-10-05T09:50:51.973Z,2016-08-17T21:18:09Z,5.44,Ch001_accrest_g,AMU
,,0,2016-07-05T09:50:51.974Z,2021-10-05T09:50:51.973Z,2016-08-17T21:18:11Z,5.252,Ch001_accrest_g,AMU
,,0,2016-07-05T09:50:51.974Z,2021-10-05T09:50:51.973Z,2016-08-17T21:18:15Z,4.946,Ch001_accrest_g,AMU
,,0,2016-07-05T09:50:51.974Z,2021-10-05T09:50:51.973Z,2016-08-17T21:18:23Z,4.851,Ch001_accrest_g,AMU
,,0,2016-07-05T09:50:51.974Z,2021-10-05T09:50:51.973Z,2016-08-17T21:18:25Z,4.778,Ch001_accrest_g,AMU
,,0,2016-07-05T09:50:51.974Z,2021-10-05T09:50:51.973Z,2016-08-17T21:18:27Z,5.203,Ch001_accrest_g,AMU
,,0,2016-07-05T09:50:51.974Z,2021-10-05T09:50:51.973Z,2016-08-17T21:18:37Z,5.466,Ch001_accrest_g,AMU
,,0,2016-07-05T09:50:51.974Z,2021-10-05T09:50:51.973Z,2016-08-17T21:18:39Z,4.859,Ch001_accrest_g,AMU
,,0,2016-07-05T09:50:51.974Z,2021-10-05T09:50:51.973Z,2016-08-17T21:18:41Z,4.974,Ch001_accrest_g,AMU
,,0,2016-07-05T09:50:51.974Z,2021-10-05T09:50:51.973Z,2016-08-17T21:18:43Z,5.441,Ch001_accrest_g,AMU
,,0,2016-07-05T09:50:51.974Z,2021-10-05T09:50:51.973Z,2016-08-17T21:18:47Z,5.386,Ch001_accrest_g,AMU
,,0,2016-07-05T09:50:51.974Z,2021-10-05T09:50:51.973Z,2016-08-17T21:18:51Z,5.374,Ch001_accrest_g,AMU
,,0,2016-07-05T09:50:51.974Z,2021-10-05T09:50:51.973Z,2016-08-17T21:18:53Z,5.346,Ch001_accrest_g,AMU
,,0,2016-07-05T09:50:51.974Z,2021-10-05T09:50:51.973Z,2016-08-17T21:18:55Z,5.049,Ch001_accrest_g,AMU
,,0,2016-07-05T09:50:51.974Z,2021-10-05T09:50:51.973Z,2016-08-17T21:18:57Z,5.066,Ch001_accrest_g,AMU
,,0,2016-07-05T09:50:51.974Z,2021-10-05T09:50:51.973Z,2016-08-17T21:19:01Z,4.773,Ch001_accrest_g,AMU
,,0,2016-07-05T09:50:51.974Z,2021-10-05T09:50:51.973Z,2016-08-17T21:19:03Z,5.427,Ch001_accrest_g,AMU
,,0,2016-07-05T09:50:51.974Z,2021-10-05T09:50:51.973Z,2016-08-17T21:19:05Z,4.971,Ch001_accrest_g,AMU
,,0,2016-07-05T09:50:51.974Z,2021-10-05T09:50:51.973Z,2016-08-17T21:19:07Z,4.966,Ch001_accrest_g,AMU
,,0,2016-07-05T09:50:51.974Z,2021-10-05T09:50:51.973Z,2016-08-17T21:19:09Z,4.647,Ch001_accrest_g,AMU
,,0,2016-07-05T09:50:51.974Z,2021-10-05T09:50:51.973Z,2016-08-17T21:19:17Z,5.318,Ch001_accrest_g,AMU
,,0,2016-07-05T09:50:51.974Z,2021-10-05T09:50:51.973Z,2016-08-17T21:19:19Z,5.387,Ch001_accrest_g,AMU
,,0,2016-07-05T09:50:51.974Z,2021-10-05T09:50:51.973Z,2016-08-17T21:19:23Z,5.172,Ch001_accrest_g,AMU
,,0,2016-07-05T09:50:51.974Z,2021-10-05T09:50:51.973Z,2016-08-17T21:19:25Z,5.257,Ch001_accrest_g,AMU
,,0,2016-07-05T09:50:51.974Z,2021-10-05T09:50:51.973Z,2016-08-17T21:19:29Z,4.852,Ch001_accrest_g,AMU
,,0,2016-07-05T09:50:51.974Z,2021-10-05T09:50:51.973Z,2016-08-17T21:19:31Z,5.696,Ch001_accrest_g,AMU
,,0,2016-07-05T09:50:51.974Z,2021-10-05T09:50:51.973Z,2016-08-17T21:19:39Z,5.092,Ch001_accrest_g,AMU
,,0,2016-07-05T09:50:51.974Z,2021-10-05T09:50:51.973Z,2016-08-17T21:19:45Z,4.941,Ch001_accrest_g,AMU
,,0,2016-07-05T09:50:51.974Z,2021-10-05T09:50:51.973Z,2016-08-17T21:19:49Z,4.73,Ch001_accrest_g,AMU
,,0,2016-07-05T09:50:51.974Z,2021-10-05T09:50:51.973Z,2016-08-17T21:19:53Z,5.138,Ch001_accrest_g,AMU
,,0,2016-07-05T09:50:51.974Z,2021-10-05T09:50:51.973Z,2016-08-17T21:19:55Z,5.59,Ch001_accrest_g,AMU
,,0,2016-07-05T09:50:51.974Z,2021-10-05T09:50:51.973Z,2016-08-17T21:19:57Z,5.452,Ch001_accrest_g,AMU
,,0,2016-07-05T09:50:51.974Z,2021-10-05T09:50:51.973Z,2016-08-17T21:19:59Z,7.915,Ch001_accrest_g,AMU
,,0,2016-07-05T09:50:51.974Z,2021-10-05T09:50:51.973Z,2016-08-17T21:20:01Z,7.116,Ch001_accrest_g,AMU
,,0,2016-07-05T09:50:51.974Z,2021-10-05T09:50:51.973Z,2016-08-17T21:20:05Z,4.816,Ch001_accrest_g,AMU
,,0,2016-07-05T09:50:51.974Z,2021-10-05T09:50:51.973Z,2016-08-17T21:20:07Z,5.148,Ch001_accrest_g,AMU
,,0,2016-07-05T09:50:51.974Z,2021-10-05T09:50:51.973Z,2016-08-17T21:20:09Z,5.187,Ch001_accrest_g,AMU
,,0,2016-07-05T09:50:51.974Z,2021-10-05T09:50:51.973Z,2016-08-17T21:20:11Z,5.004,Ch001_accrest_g,AMU
,,0,2016-07-05T09:50:51.974Z,2021-10-05T09:50:51.973Z,2016-08-17T21:20:13Z,4.675,Ch001_accrest_g,AMU
,,0,2016-07-05T09:50:51.974Z,2021-10-05T09:50:51.973Z,2016-08-17T21:20:15Z,5.151,Ch001_accrest_g,AMU
,,0,2016-07-05T09:50:51.974Z,2021-10-05T09:50:51.973Z,2016-08-17T21:20:17Z,5.537,Ch001_accrest_g,AMU
,,0,2016-07-05T09:50:51.974Z,2021-10-05T09:50:51.973Z,2016-08-17T21:20:25Z,4.905,Ch001_accrest_g,AMU
,,0,2016-07-05T09:50:51.974Z,2021-10-05T09:50:51.973Z,2016-08-17T21:20:27Z,5.516,Ch001_accrest_g,AMU
,,0,2016-07-05T09:50:51.974Z,2021-10-05T09:50:51.973Z,2016-08-17T21:20:33Z,5.016,Ch001_accrest_g,AMU
,,0,2016-07-05T09:50:51.974Z,2021-10-05T09:50:51.973Z,2016-08-17T21:20:35Z,5.32,Ch001_accrest_g,AMU
,,0,2016-07-05T09:50:51.974Z,2021-10-05T09:50:51.973Z,2016-08-17T21:20:39Z,4.588,Ch001_accrest_g,AMU
,,0,2016-07-05T09:50:51.974Z,2021-10-05T09:50:51.973Z,2016-08-17T21:20:41Z,4.765,Ch001_accrest_g,AMU
,,0,2016-07-05T09:50:51.974Z,2021-10-05T09:50:51.973Z,2016-08-17T21:20:43Z,4.618,Ch001_accrest_g,AMU
,,0,2016-07-05T09:50:51.974Z,2021-10-05T09:50:51.973Z,2016-08-17T21:20:45Z,4.627,Ch001_accrest_g,AMU
,,0,2016-07-05T09:50:51.974Z,2021-10-05T09:50:51.973Z,2016-08-17T21:20:49Z,5.039,Ch001_accrest_g,AMU
,,0,2016-07-05T09:50:51.974Z,2021-10-05T09:50:51.973Z,2016-08-17T21:20:51Z,5.279,Ch001_accrest_g,AMU
,,0,2016-07-05T09:50:51.974Z,2021-10-05T09:50:51.973Z,2016-08-17T21:20:55Z,6.064,Ch001_accrest_g,AMU
,,0,2016-07-05T09:50:51.974Z,2021-10-05T09:50:51.973Z,2016-08-17T21:20:57Z,4.836,Ch001_accrest_g,AMU
,,0,2016-07-05T09:50:51.974Z,2021-10-05T09:50:51.973Z,2016-08-17T21:20:59Z,5.11,Ch001_accrest_g,AMU
,,0,2016-07-05T09:50:51.974Z,2021-10-05T09:50:51.973Z,2016-08-17T21:21:01Z,5.77,Ch001_accrest_g,AMU
,,0,2016-07-05T09:50:51.974Z,2021-10-05T09:50:51.973Z,2016-08-17T21:21:05Z,4.848,Ch001_accrest_g,AMU
,,0,2016-07-05T09:50:51.974Z,2021-10-05T09:50:51.973Z,2016-08-17T21:21:11Z,5.224,Ch001_accrest_g,AMU
,,0,2016-07-05T09:50:51.974Z,2021-10-05T09:50:51.973Z,2016-08-17T21:21:15Z,5.329,Ch001_accrest_g,AMU
,,0,2016-07-05T09:50:51.974Z,2021-10-05T09:50:51.973Z,2016-08-17T21:21:17Z,4.936,Ch001_accrest_g,AMU
,,0,2016-07-05T09:50:51.974Z,2021-10-05T09:50:51.973Z,2016-08-17T21:21:23Z,4.969,Ch001_accrest_g,AMU
,,0,2016-07-05T09:50:51.974Z,2021-10-05T09:50:51.973Z,2016-08-17T21:21:27Z,4.603,Ch001_accrest_g,AMU
,,0,2016-07-05T09:50:51.974Z,2021-10-05T09:50:51.973Z,2016-08-17T21:21:29Z,5.619,Ch001_accrest_g,AMU
,,0,2016-07-05T09:50:51.974Z,2021-10-05T09:50:51.973Z,2016-08-17T21:21:37Z,4.598,Ch001_accrest_g,AMU
,,0,2016-07-05T09:50:51.974Z,2021-10-05T09:50:51.973Z,2016-08-17T21:21:39Z,5.871,Ch001_accrest_g,AMU
,,0,2016-07-05T09:50:51.974Z,2021-10-05T09:50:51.973Z,2016-08-17T21:21:41Z,5.49,Ch001_accrest_g,AMU
,,0,2016-07-05T09:50:51.974Z,2021-10-05T09:50:51.973Z,2016-08-17T21:21:47Z,4.779,Ch001_accrest_g,AMU
,,0,2016-07-05T09:50:51.974Z,2021-10-05T09:50:51.973Z,2016-08-17T21:21:53Z,4.944,Ch001_accrest_g,AMU
,,0,2016-07-05T09:50:51.974Z,2021-10-05T09:50:51.973Z,2016-08-17T21:21:57Z,6.101,Ch001_accrest_g,AMU
,,0,2016-07-05T09:50:51.974Z,2021-10-05T09:50:51.973Z,2016-08-17T21:21:59Z,6.261,Ch001_accrest_g,AMU
,,0,2016-07-05T09:50:51.974Z,2021-10-05T09:50:51.973Z,2016-08-17T21:22:03Z,5.134,Ch001_accrest_g,AMU
,,0,2016-07-05T09:50:51.974Z,2021-10-05T09:50:51.973Z,2016-08-17T21:22:05Z,5.612,Ch001_accrest_g,AMU
,,0,2016-07-05T09:50:51.974Z,2021-10-05T09:50:51.973Z,2016-08-17T21:22:15Z,4.84,Ch001_accrest_g,AMU
,,0,2016-07-05T09:50:51.974Z,2021-10-05T09:50:51.973Z,2016-08-17T21:22:17Z,5.221,Ch001_accrest_g,AMU
,,0,2016-07-05T09:50:51.974Z,2021-10-05T09:50:51.973Z,2016-08-17T21:22:23Z,4.74,Ch001_accrest_g,AMU
,,0,2016-07-05T09:50:51.974Z,2021-10-05T09:50:51.973Z,2016-08-17T21:22:35Z,4.794,Ch001_accrest_g,AMU
,,0,2016-07-05T09:50:51.974Z,2021-10-05T09:50:51.973Z,2016-08-17T21:22:49Z,4.768,Ch001_accrest_g,AMU
,,0,2016-07-05T09:50:51.974Z,2021-10-05T09:50:51.973Z,2016-08-17T21:22:55Z,4.91,Ch001_accrest_g,AMU
,,0,2016-07-05T09:50:51.974Z,2021-10-05T09:50:51.973Z,2016-08-17T21:23:03Z,4.717,Ch001_accrest_g,AMU
,,0,2016-07-05T09:50:51.974Z,2021-10-05T09:50:51.973Z,2016-08-17T21:23:17Z,5.967,Ch001_accrest_g,AMU
,,0,2016-07-05T09:50:51.974Z,2021-10-05T09:50:51.973Z,2016-08-17T21:23:19Z,5.54,Ch001_accrest_g,AMU
,,0,2016-07-05T09:50:51.974Z,2021-10-05T09:50:51.973Z,2016-08-17T21:23:23Z,4.606,Ch001_accrest_g,AMU
,,0,2016-07-05T09:50:51.974Z,2021-10-05T09:50:51.973Z,2016-08-17T21:23:25Z,4.97,Ch001_accrest_g,AMU
,,0,2016-07-05T09:50:51.974Z,2021-10-05T09:50:51.973Z,2016-08-17T21:23:27Z,4.742,Ch001_accrest_g,AMU
,,0,2016-07-05T09:50:51.974Z,2021-10-05T09:50:51.973Z,2016-08-17T21:23:29Z,5.845,Ch001_accrest_g,AMU
,,0,2016-07-05T09:50:51.974Z,2021-10-05T09:50:51.973Z,2016-08-17T21:23:37Z,4.952,Ch001_accrest_g,AMU
,,0,2016-07-05T09:50:51.974Z,2021-10-05T09:50:51.973Z,2016-08-17T21:23:43Z,5.06,Ch001_accrest_g,AMU
,,0,2016-07-05T09:50:51.974Z,2021-10-05T09:50:51.973Z,2016-08-17T21:23:59Z,4.924,Ch001_accrest_g,AMU
,,0,2016-07-05T09:50:51.974Z,2021-10-05T09:50:51.973Z,2016-08-17T21:24:01Z,5.863,Ch001_accrest_g,AMU
,,0,2016-07-05T09:50:51.974Z,2021-10-05T09:50:51.973Z,2016-08-17T21:24:05Z,5.487,Ch001_accrest_g,AMU
,,0,2016-07-05T09:50:51.974Z,2021-10-05T09:50:51.973Z,2016-08-17T21:24:09Z,4.737,Ch001_accrest_g,AMU
,,0,2016-07-05T09:50:51.974Z,2021-10-05T09:50:51.973Z,2016-08-17T21:24:11Z,4.666,Ch001_accrest_g,AMU
,,0,2016-07-05T09:50:51.974Z,2021-10-05T09:50:51.973Z,2016-08-17T21:24:13Z,5.524,Ch001_accrest_g,AMU
,,0,2016-07-05T09:50:51.974Z,2021-10-05T09:50:51.973Z,2016-08-17T21:24:15Z,4.955,Ch001_accrest_g,AMU
,,0,2016-07-05T09:50:51.974Z,2021-10-05T09:50:51.973Z,2016-08-17T21:24:17Z,4.635,Ch001_accrest_g,AMU
,,0,2016-07-05T09:50:51.974Z,2021-10-05T09:50:51.973Z,2016-08-17T21:24:21Z,5.582,Ch001_accrest_g,AMU
,,0,2016-07-05T09:50:51.974Z,2021-10-05T09:50:51.973Z,2016-08-17T21:24:23Z,5.087,Ch001_accrest_g,AMU
,,0,2016-07-05T09:50:51.974Z,2021-10-05T09:50:51.973Z,2016-08-17T21:24:27Z,5.205,Ch001_accrest_g,AMU
,,0,2016-07-05T09:50:51.974Z,2021-10-05T09:50:51.973Z,2016-08-17T21:24:35Z,5.458,Ch001_accrest_g,AMU
,,0,2016-07-05T09:50:51.974Z,2021-10-05T09:50:51.973Z,2016-08-17T21:24:39Z,4.66,Ch001_accrest_g,AMU
,,0,2016-07-05T09:50:51.974Z,2021-10-05T09:50:51.973Z,2016-08-17T21:24:43Z,5.186,Ch001_accrest_g,AMU
,,0,2016-07-05T09:50:51.974Z,2021-10-05T09:50:51.973Z,2016-08-17T21:24:45Z,4.917,Ch001_accrest_g,AMU
,,0,2016-07-05T09:50:51.974Z,2021-10-05T09:50:51.973Z,2016-08-17T21:24:49Z,5.38,Ch001_accrest_g,AMU
,,0,2016-07-05T09:50:51.974Z,2021-10-05T09:50:51.973Z,2016-08-17T21:24:55Z,6.752,Ch001_accrest_g,AMU
,,0,2016-07-05T09:50:51.974Z,2021-10-05T09:50:51.973Z,2016-08-17T21:25:01Z,8.204,Ch001_accrest_g,AMU
,,0,2016-07-05T09:50:51.974Z,2021-10-05T09:50:51.973Z,2016-08-17T21:25:03Z,4.926,Ch001_accrest_g,AMU
,,0,2016-07-05T09:50:51.974Z,2021-10-05T09:50:51.973Z,2016-08-17T21:25:15Z,12.513,Ch001_accrest_g,AMU
,,0,2016-07-05T09:50:51.974Z,2021-10-05T09:50:51.973Z,2016-08-17T21:25:23Z,5.385,Ch001_accrest_g,AMU
,,0,2016-07-05T09:50:51.974Z,2021-10-05T09:50:51.973Z,2016-08-17T21:25:25Z,5.548,Ch001_accrest_g,AMU
,,0,2016-07-05T09:50:51.974Z,2021-10-05T09:50:51.973Z,2016-08-17T21:25:29Z,6.161,Ch001_accrest_g,AMU
,,0,2016-07-05T09:50:51.974Z,2021-10-05T09:50:51.973Z,2016-08-17T21:25:31Z,5.985,Ch001_accrest_g,AMU
,,0,2016-07-05T09:50:51.974Z,2021-10-05T09:50:51.973Z,2016-08-17T21:25:33Z,5.223,Ch001_accrest_g,AMU
,,0,2016-07-05T09:50:51.974Z,2021-10-05T09:50:51.973Z,2016-08-17T21:25:35Z,5.364,Ch001_accrest_g,AMU
,,0,2016-07-05T09:50:51.974Z,2021-10-05T09:50:51.973Z,2016-08-17T21:25:39Z,5.412,Ch001_accrest_g,AMU
,,0,2016-07-05T09:50:51.974Z,2021-10-05T09:50:51.973Z,2016-08-17T21:25:47Z,4.706,Ch001_accrest_g,AMU
,,0,2016-07-05T09:50:51.974Z,2021-10-05T09:50:51.973Z,2016-08-17T21:25:51Z,5.655,Ch001_accrest_g,AMU
,,0,2016-07-05T09:50:51.974Z,2021-10-05T09:50:51.973Z,2016-08-17T21:25:53Z,5.104,Ch001_accrest_g,AMU
,,0,2016-07-05T09:50:51.974Z,2021-10-05T09:50:51.973Z,2016-08-17T21:25:55Z,5.566,Ch001_accrest_g,AMU
,,0,2016-07-05T09:50:51.974Z,2021-10-05T09:50:51.973Z,2016-08-17T21:25:57Z,5.21,Ch001_accrest_g,AMU
,,0,2016-07-05T09:50:51.974Z,2021-10-05T09:50:51.973Z,2016-08-17T21:26:03Z,6.127,Ch001_accrest_g,AMU
,,0,2016-07-05T09:50:51.974Z,2021-10-05T09:50:51.973Z,2016-08-17T21:26:05Z,4.81,Ch001_accrest_g,AMU
,,0,2016-07-05T09:50:51.974Z,2021-10-05T09:50:51.973Z,2016-08-17T21:26:09Z,5.372,Ch001_accrest_g,AMU
,,0,2016-07-05T09:50:51.974Z,2021-10-05T09:50:51.973Z,2016-08-17T21:26:11Z,5.493,Ch001_accrest_g,AMU
,,0,2016-07-05T09:50:51.974Z,2021-10-05T09:50:51.973Z,2016-08-17T21:26:13Z,6.321,Ch001_accrest_g,AMU
,,0,2016-07-05T09:50:51.974Z,2021-10-05T09:50:51.973Z,2016-08-17T21:26:15Z,4.75,Ch001_accrest_g,AMU
,,0,2016-07-05T09:50:51.974Z,2021-10-05T09:50:51.973Z,2016-08-17T21:26:17Z,5.498,Ch001_accrest_g,AMU
,,0,2016-07-05T09:50:51.974Z,2021-10-05T09:50:51.973Z,2016-08-17T21:26:25Z,5.335,Ch001_accrest_g,AMU
,,0,2016-07-05T09:50:51.974Z,2021-10-05T09:50:51.973Z,2016-08-17T21:26:29Z,5.577,Ch001_accrest_g,AMU
,,0,2016-07-05T09:50:51.974Z,2021-10-05T09:50:51.973Z,2016-08-17T21:26:35Z,5.754,Ch001_accrest_g,AMU
,,0,2016-07-05T09:50:51.974Z,2021-10-05T09:50:51.973Z,2016-08-17T21:26:37Z,5.204,Ch001_accrest_g,AMU
,,0,2016-07-05T09:50:51.974Z,2021-10-05T09:50:51.973Z,2016-08-17T21:26:39Z,4.961,Ch001_accrest_g,AMU
,,0,2016-07-05T09:50:51.974Z,2021-10-05T09:50:51.973Z,2016-08-17T21:26:41Z,4.976,Ch001_accrest_g,AMU
,,0,2016-07-05T09:50:51.974Z,2021-10-05T09:50:51.973Z,2016-08-17T21:26:45Z,4.734,Ch001_accrest_g,AMU
,,0,2016-07-05T09:50:51.974Z,2021-10-05T09:50:51.973Z,2016-08-17T21:26:47Z,5.135,Ch001_accrest_g,AMU
,,0,2016-07-05T09:50:51.974Z,2021-10-05T09:50:51.973Z,2016-08-17T21:26:49Z,5.095,Ch001_accrest_g,AMU
,,0,2016-07-05T09:50:51.974Z,2021-10-05T09:50:51.973Z,2016-08-17T21:26:57Z,4.724,Ch001_accrest_g,AMU
,,0,2016-07-05T09:50:51.974Z,2021-10-05T09:50:51.973Z,2016-08-17T21:26:59Z,5.528,Ch001_accrest_g,AMU
,,0,2016-07-05T09:50:51.974Z,2021-10-05T09:50:51.973Z,2016-08-17T21:27:03Z,5.214,Ch001_accrest_g,AMU
,,0,2016-07-05T09:50:51.974Z,2021-10-05T09:50:51.973Z,2016-08-17T21:27:11Z,5.262,Ch001_accrest_g,AMU
,,0,2016-07-05T09:50:51.974Z,2021-10-05T09:50:51.973Z,2016-08-17T21:27:13Z,4.783,Ch001_accrest_g,AMU
,,0,2016-07-05T09:50:51.974Z,2021-10-05T09:50:51.973Z,2016-08-17T21:27:15Z,8.606,Ch001_accrest_g,AMU
,,0,2016-07-05T09:50:51.974Z,2021-10-05T09:50:51.973Z,2016-08-17T21:27:17Z,4.705,Ch001_accrest_g,AMU
,,0,2016-07-05T09:50:51.974Z,2021-10-05T09:50:51.973Z,2016-08-17T21:27:19Z,5.6,Ch001_accrest_g,AMU
,,0,2016-07-05T09:50:51.974Z,2021-10-05T09:50:51.973Z,2016-08-17T21:27:29Z,5.549,Ch001_accrest_g,AMU
,,0,2016-07-05T09:50:51.974Z,2021-10-05T09:50:51.973Z,2016-08-17T21:27:33Z,5.222,Ch001_accrest_g,AMU
,,0,2016-07-05T09:50:51.974Z,2021-10-05T09:50:51.973Z,2016-08-17T21:27:35Z,5.077,Ch001_accrest_g,AMU
,,0,2016-07-05T09:50:51.974Z,2021-10-05T09:50:51.973Z,2016-08-17T21:27:39Z,5.402,Ch001_accrest_g,AMU
,,0,2016-07-05T09:50:51.974Z,2021-10-05T09:50:51.973Z,2016-08-17T21:27:45Z,5.081,Ch001_accrest_g,AMU
,,0,2016-07-05T09:50:51.974Z,2021-10-05T09:50:51.973Z,2016-08-17T21:27:47Z,5.444,Ch001_accrest_g,AMU
,,0,2016-07-05T09:50:51.974Z,2021-10-05T09:50:51.973Z,2016-08-17T21:27:49Z,5.504,Ch001_accrest_g,AMU
,,0,2016-07-05T09:50:51.974Z,2021-10-05T09:50:51.973Z,2016-08-17T21:27:51Z,4.931,Ch001_accrest_g,AMU
,,0,2016-07-05T09:50:51.974Z,2021-10-05T09:50:51.973Z,2016-08-17T21:27:57Z,5.273,Ch001_accrest_g,AMU
,,0,2016-07-05T09:50:51.974Z,2021-10-05T09:50:51.973Z,2016-08-17T21:27:59Z,4.809,Ch001_accrest_g,AMU
,,0,2016-07-05T09:50:51.974Z,2021-10-05T09:50:51.973Z,2016-08-17T21:28:03Z,5.267,Ch001_accrest_g,AMU
,,0,2016-07-05T09:50:51.974Z,2021-10-05T09:50:51.973Z,2016-08-17T21:28:05Z,5.164,Ch001_accrest_g,AMU
,,0,2016-07-05T09:50:51.974Z,2021-10-05T09:50:51.973Z,2016-08-17T21:28:07Z,5.168,Ch001_accrest_g,AMU
,,0,2016-07-05T09:50:51.974Z,2021-10-05T09:50:51.973Z,2016-08-17T21:28:09Z,5.051,Ch001_accrest_g,AMU
,,0,2016-07-05T09:50:51.974Z,2021-10-05T09:50:51.973Z,2016-08-17T21:28:11Z,5.319,Ch001_accrest_g,AMU
,,0,2016-07-05T09:50:51.974Z,2021-10-05T09:50:51.973Z,2016-08-17T21:28:19Z,5.079,Ch001_accrest_g,AMU
,,0,2016-07-05T09:50:51.974Z,2021-10-05T09:50:51.973Z,2016-08-17T21:28:23Z,67.903,Ch001_accrest_g,AMU
,,0,2016-07-05T09:50:51.974Z,2021-10-05T09:50:51.973Z,2016-08-17T21:28:27Z,5.251,Ch001_accrest_g,AMU
,,0,2016-07-05T09:50:51.974Z,2021-10-05T09:50:51.973Z,2016-08-17T21:28:31Z,5.139,Ch001_accrest_g,AMU
,,0,2016-07-05T09:50:51.974Z,2021-10-05T09:50:51.973Z,2016-08-17T21:28:33Z,5.565,Ch001_accrest_g,AMU
,,0,2016-07-05T09:50:51.974Z,2021-10-05T09:50:51.973Z,2016-08-17T21:28:39Z,5.643,Ch001_accrest_g,AMU
,,0,2016-07-05T09:50:51.974Z,2021-10-05T09:50:51.973Z,2016-08-17T21:28:41Z,4.751,Ch001_accrest_g,AMU
,,0,2016-07-05T09:50:51.974Z,2021-10-05T09:50:51.973Z,2016-08-17T21:28:45Z,5.072,Ch001_accrest_g,AMU
,,0,2016-07-05T09:50:51.974Z,2021-10-05T09:50:51.973Z,2016-08-17T21:28:53Z,5.513,Ch001_accrest_g,AMU
,,0,2016-07-05T09:50:51.974Z,2021-10-05T09:50:51.973Z,2016-08-17T21:28:57Z,5.68,Ch001_accrest_g,AMU
,,0,2016-07-05T09:50:51.974Z,2021-10-05T09:50:51.973Z,2016-08-17T21:29:05Z,5.009,Ch001_accrest_g,AMU
,,0,2016-07-05T09:50:51.974Z,2021-10-05T09:50:51.973Z,2016-08-17T21:29:07Z,5.339,Ch001_accrest_g,AMU
,,0,2016-07-05T09:50:51.974Z,2021-10-05T09:50:51.973Z,2016-08-17T21:29:13Z,5.358,Ch001_accrest_g,AMU
,,0,2016-07-05T09:50:51.974Z,2021-10-05T09:50:51.973Z,2016-08-17T21:29:15Z,4.766,Ch001_accrest_g,AMU
,,0,2016-07-05T09:50:51.974Z,2021-10-05T09:50:51.973Z,2016-08-17T21:29:21Z,5.198,Ch001_accrest_g,AMU
,,0,2016-07-05T09:50:51.974Z,2021-10-05T09:50:51.973Z,2016-08-17T21:29:25Z,4.755,Ch001_accrest_g,AMU
,,0,2016-07-05T09:50:51.974Z,2021-10-05T09:50:51.973Z,2016-08-17T21:29:31Z,5.113,Ch001_accrest_g,AMU
,,0,2016-07-05T09:50:51.974Z,2021-10-05T09:50:51.973Z,2016-08-17T21:29:37Z,4.865,Ch001_accrest_g,AMU
,,0,2016-07-05T09:50:51.974Z,2021-10-05T09:50:51.973Z,2016-08-17T21:29:39Z,5.808,Ch001_accrest_g,AMU
,,0,2016-07-05T09:50:51.974Z,2021-10-05T09:50:51.973Z,2016-08-17T21:29:41Z,6.063,Ch001_accrest_g,AMU
,,0,2016-07-05T09:50:51.974Z,2021-10-05T09:50:51.973Z,2016-08-17T21:29:51Z,5.145,Ch001_accrest_g,AMU
,,0,2016-07-05T09:50:51.974Z,2021-10-05T09:50:51.973Z,2016-08-17T21:29:59Z,4.964,Ch001_accrest_g,AMU
,,0,2016-07-05T09:50:51.974Z,2021-10-05T09:50:51.973Z,2016-08-17T21:30:01Z,5.192,Ch001_accrest_g,AMU
,,0,2016-07-05T09:50:51.974Z,2021-10-05T09:50:51.973Z,2016-08-17T21:30:05Z,5.734,Ch001_accrest_g,AMU
,,0,2016-07-05T09:50:51.974Z,2021-10-05T09:50:51.973Z,2016-08-17T21:30:11Z,4.975,Ch001_accrest_g,AMU
,,0,2016-07-05T09:50:51.974Z,2021-10-05T09:50:51.973Z,2016-08-17T21:30:17Z,4.713,Ch001_accrest_g,AMU
,,0,2016-07-05T09:50:51.974Z,2021-10-05T09:50:51.973Z,2016-08-17T21:30:27Z,5.347,Ch001_accrest_g,AMU
,,0,2016-07-05T09:50:51.974Z,2021-10-05T09:50:51.973Z,2016-08-17T21:30:33Z,6.177,Ch001_accrest_g,AMU
,,0,2016-07-05T09:50:51.974Z,2021-10-05T09:50:51.973Z,2016-08-17T21:30:37Z,4.721,Ch001_accrest_g,AMU
,,0,2016-07-05T09:50:51.974Z,2021-10-05T09:50:51.973Z,2016-08-17T21:30:43Z,5.242,Ch001_accrest_g,AMU
,,0,2016-07-05T09:50:51.974Z,2021-10-05T09:50:51.973Z,2016-08-17T21:30:53Z,5.88,Ch001_accrest_g,AMU
,,0,2016-07-05T09:50:51.974Z,2021-10-05T09:50:51.973Z,2016-08-17T21:30:55Z,5.288,Ch001_accrest_g,AMU
,,0,2016-07-05T09:50:51.974Z,2021-10-05T09:50:51.973Z,2016-08-17T21:30:57Z,4.785,Ch001_accrest_g,AMU
,,0,2016-07-05T09:50:51.974Z,2021-10-05T09:50:51.973Z,2016-08-17T21:30:59Z,4.497,Ch001_accrest_g,AMU
,,0,2016-07-05T09:50:51.974Z,2021-10-05T09:50:51.973Z,2016-08-17T21:31:05Z,4.829,Ch001_accrest_g,AMU
,,0,2016-07-05T09:50:51.974Z,2021-10-05T09:50:51.973Z,2016-08-17T21:31:09Z,5.041,Ch001_accrest_g,AMU
,,0,2016-07-05T09:50:51.974Z,2021-10-05T09:50:51.973Z,2016-08-17T21:31:15Z,4.697,Ch001_accrest_g,AMU
,,0,2016-07-05T09:50:51.974Z,2021-10-05T09:50:51.973Z,2016-08-17T21:31:17Z,5.019,Ch001_accrest_g,AMU
,,0,2016-07-05T09:50:51.974Z,2021-10-05T09:50:51.973Z,2016-08-17T21:31:19Z,5.375,Ch001_accrest_g,AMU
,,0,2016-07-05T09:50:51.974Z,2021-10-05T09:50:51.973Z,2016-08-17T21:31:21Z,5.481,Ch001_accrest_g,AMU
,,0,2016-07-05T09:50:51.974Z,2021-10-05T09:50:51.973Z,2016-08-17T21:31:23Z,5.354,Ch001_accrest_g,AMU
,,0,2016-07-05T09:50:51.974Z,2021-10-05T09:50:51.973Z,2016-08-17T21:31:25Z,5.264,Ch001_accrest_g,AMU
,,0,2016-07-05T09:50:51.974Z,2021-10-05T09:50:51.973Z,2016-08-17T21:31:29Z,5.044,Ch001_accrest_g,AMU
,,0,2016-07-05T09:50:51.974Z,2021-10-05T09:50:51.973Z,2016-08-17T21:31:31Z,4.745,Ch001_accrest_g,AMU
,,0,2016-07-05T09:50:51.974Z,2021-10-05T09:50:51.973Z,2016-08-17T21:31:43Z,5.428,Ch001_accrest_g,AMU
,,0,2016-07-05T09:50:51.974Z,2021-10-05T09:50:51.973Z,2016-08-17T21:31:47Z,6.09,Ch001_accrest_g,AMU
,,0,2016-07-05T09:50:51.974Z,2021-10-05T09:50:51.973Z,2016-08-17T21:31:49Z,5.078,Ch001_accrest_g,AMU
,,0,2016-07-05T09:50:51.974Z,2021-10-05T09:50:51.973Z,2016-08-17T21:31:57Z,6.091,Ch001_accrest_g,AMU
,,0,2016-07-05T09:50:51.974Z,2021-10-05T09:50:51.973Z,2016-08-17T21:31:59Z,6.649,Ch001_accrest_g,AMU
,,0,2016-07-05T09:50:51.974Z,2021-10-05T09:50:51.973Z,2016-08-17T21:32:05Z,4.78,Ch001_accrest_g,AMU
,,0,2016-07-05T09:50:51.974Z,2021-10-05T09:50:51.973Z,2016-08-17T21:32:13Z,5.584,Ch001_accrest_g,AMU
,,0,2016-07-05T09:50:51.974Z,2021-10-05T09:50:51.973Z,2016-08-17T21:32:15Z,5.448,Ch001_accrest_g,AMU
,,0,2016-07-05T09:50:51.974Z,2021-10-05T09:50:51.973Z,2016-08-17T21:32:17Z,5.025,Ch001_accrest_g,AMU
,,0,2016-07-05T09:50:51.974Z,2021-10-05T09:50:51.973Z,2016-08-17T21:32:19Z,4.88,Ch001_accrest_g,AMU
,,0,2016-07-05T09:50:51.974Z,2021-10-05T09:50:51.973Z,2016-08-17T21:32:25Z,5.09,Ch001_accrest_g,AMU
,,0,2016-07-05T09:50:51.974Z,2021-10-05T09:50:51.973Z,2016-08-17T21:32:27Z,5.644,Ch001_accrest_g,AMU
,,0,2016-07-05T09:50:51.974Z,2021-10-05T09:50:51.973Z,2016-08-17T21:32:49Z,4.728,Ch001_accrest_g,AMU
,,0,2016-07-05T09:50:51.974Z,2021-10-05T09:50:51.973Z,2016-08-17T21:33:01Z,4.894,Ch001_accrest_g,AMU
,,0,2016-07-05T09:50:51.974Z,2021-10-05T09:50:51.973Z,2016-08-17T21:33:07Z,5.756,Ch001_accrest_g,AMU
,,0,2016-07-05T09:50:51.974Z,2021-10-05T09:50:51.973Z,2016-08-17T21:33:11Z,5.541,Ch001_accrest_g,AMU
,,0,2016-07-05T09:50:51.974Z,2021-10-05T09:50:51.973Z,2016-08-17T21:33:17Z,5.296,Ch001_accrest_g,AMU
,,0,2016-07-05T09:50:51.974Z,2021-10-05T09:50:51.973Z,2016-08-17T21:33:23Z,5.611,Ch001_accrest_g,AMU
,,0,2016-07-05T09:50:51.974Z,2021-10-05T09:50:51.973Z,2016-08-17T21:33:25Z,5.833,Ch001_accrest_g,AMU
,,0,2016-07-05T09:50:51.974Z,2021-10-05T09:50:51.973Z,2016-08-17T21:33:27Z,5.362,Ch001_accrest_g,AMU
,,0,2016-07-05T09:50:51.974Z,2021-10-05T09:50:51.973Z,2016-08-17T21:33:31Z,4.877,Ch001_accrest_g,AMU
,,0,2016-07-05T09:50:51.974Z,2021-10-05T09:50:51.973Z,2016-08-17T21:33:37Z,4.95,Ch001_accrest_g,AMU
,,0,2016-07-05T09:50:51.974Z,2021-10-05T09:50:51.973Z,2016-08-17T21:33:43Z,4.983,Ch001_accrest_g,AMU
,,0,2016-07-05T09:50:51.974Z,2021-10-05T09:50:51.973Z,2016-08-17T21:33:47Z,4.54,Ch001_accrest_g,AMU
,,0,2016-07-05T09:50:51.974Z,2021-10-05T09:50:51.973Z,2016-08-17T21:33:49Z,4.934,Ch001_accrest_g,AMU
,,0,2016-07-05T09:50:51.974Z,2021-10-05T09:50:51.973Z,2016-08-17T21:33:53Z,5.323,Ch001_accrest_g,AMU
,,0,2016-07-05T09:50:51.974Z,2021-10-05T09:50:51.973Z,2016-08-17T21:33:55Z,5.78,Ch001_accrest_g,AMU
,,0,2016-07-05T09:50:51.974Z,2021-10-05T09:50:51.973Z,2016-08-17T21:33:57Z,4.868,Ch001_accrest_g,AMU
,,0,2016-07-05T09:50:51.974Z,2021-10-05T09:50:51.973Z,2016-08-17T21:34:01Z,5.436,Ch001_accrest_g,AMU
,,0,2016-07-05T09:50:51.974Z,2021-10-05T09:50:51.973Z,2016-08-17T21:34:03Z,4.919,Ch001_accrest_g,AMU
,,0,2016-07-05T09:50:51.974Z,2021-10-05T09:50:51.973Z,2016-08-17T21:34:07Z,162.474,Ch001_accrest_g,AMU
,,0,2016-07-05T09:50:51.974Z,2021-10-05T09:50:51.973Z,2016-08-17T21:34:15Z,23.043,Ch001_accrest_g,AMU
,,0,2016-07-05T09:50:51.974Z,2021-10-05T09:50:51.973Z,2016-08-17T21:34:19Z,4.951,Ch001_accrest_g,AMU
,,0,2016-07-05T09:50:51.974Z,2021-10-05T09:50:51.973Z,2016-08-17T21:34:21Z,5.333,Ch001_accrest_g,AMU
,,0,2016-07-05T09:50:51.974Z,2021-10-05T09:50:51.973Z,2016-08-17T21:34:23Z,5.501,Ch001_accrest_g,AMU
,,0,2016-07-05T09:50:51.974Z,2021-10-05T09:50:51.973Z,2016-08-17T21:34:27Z,5.043,Ch001_accrest_g,AMU
,,0,2016-07-05T09:50:51.974Z,2021-10-05T09:50:51.973Z,2016-08-17T21:34:31Z,5.952,Ch001_accrest_g,AMU
,,0,2016-07-05T09:50:51.974Z,2021-10-05T09:50:51.973Z,2016-08-17T21:34:41Z,4.625,Ch001_accrest_g,AMU
,,0,2016-07-05T09:50:51.974Z,2021-10-05T09:50:51.973Z,2016-08-17T21:34:45Z,4.696,Ch001_accrest_g,AMU
,,0,2016-07-05T09:50:51.974Z,2021-10-05T09:50:51.973Z,2016-08-17T21:34:55Z,5.912,Ch001_accrest_g,AMU
,,0,2016-07-05T09:50:51.974Z,2021-10-05T09:50:51.973Z,2016-08-17T21:35:03Z,4.843,Ch001_accrest_g,AMU
,,0,2016-07-05T09:50:51.974Z,2021-10-05T09:50:51.973Z,2016-08-17T21:35:07Z,5.728,Ch001_accrest_g,AMU
,,0,2016-07-05T09:50:51.974Z,2021-10-05T09:50:51.973Z,2016-08-17T21:35:19Z,5.325,Ch001_accrest_g,AMU
,,0,2016-07-05T09:50:51.974Z,2021-10-05T09:50:51.973Z,2016-08-17T21:35:35Z,5.163,Ch001_accrest_g,AMU
,,0,2016-07-05T09:50:51.974Z,2021-10-05T09:50:51.973Z,2016-08-17T21:35:39Z,5.185,Ch001_accrest_g,AMU
,,0,2016-07-05T09:50:51.974Z,2021-10-05T09:50:51.973Z,2016-08-17T21:35:53Z,4.835,Ch001_accrest_g,AMU
,,0,2016-07-05T09:50:51.974Z,2021-10-05T09:50:51.973Z,2016-08-17T21:35:59Z,5.029,Ch001_accrest_g,AMU
,,0,2016-07-05T09:50:51.974Z,2021-10-05T09:50:51.973Z,2016-08-17T21:36:01Z,5.248,Ch001_accrest_g,AMU
,,0,2016-07-05T09:50:51.974Z,2021-10-05T09:50:51.973Z,2016-08-17T21:36:05Z,5.34,Ch001_accrest_g,AMU
,,0,2016-07-05T09:50:51.974Z,2021-10-05T09:50:51.973Z,2016-08-17T21:36:07Z,4.533,Ch001_accrest_g,AMU
,,0,2016-07-05T09:50:51.974Z,2021-10-05T09:50:51.973Z,2016-08-17T21:36:09Z,5.112,Ch001_accrest_g,AMU
,,0,2016-07-05T09:50:51.974Z,2021-10-05T09:50:51.973Z,2016-08-17T21:36:17Z,4.834,Ch001_accrest_g,AMU
,,0,2016-07-05T09:50:51.974Z,2021-10-05T09:50:51.973Z,2016-08-17T21:36:21Z,5.491,Ch001_accrest_g,AMU
,,0,2016-07-05T09:50:51.974Z,2021-10-05T09:50:51.973Z,2016-08-17T21:36:23Z,5.213,Ch001_accrest_g,AMU
,,0,2016-07-05T09:50:51.974Z,2021-10-05T09:50:51.973Z,2016-08-17T21:36:31Z,5.657,Ch001_accrest_g,AMU
,,0,2016-07-05T09:50:51.974Z,2021-10-05T09:50:51.973Z,2016-08-17T21:36:35Z,5.316,Ch001_accrest_g,AMU
,,0,2016-07-05T09:50:51.974Z,2021-10-05T09:50:51.973Z,2016-08-17T21:36:45Z,5.533,Ch001_accrest_g,AMU
,,0,2016-07-05T09:50:51.974Z,2021-10-05T09:50:51.973Z,2016-08-17T21:36:47Z,5.255,Ch001_accrest_g,AMU
,,0,2016-07-05T09:50:51.974Z,2021-10-05T09:50:51.973Z,2016-08-17T21:36:53Z,5.423,Ch001_accrest_g,AMU
,,0,2016-07-05T09:50:51.974Z,2021-10-05T09:50:51.973Z,2016-08-17T21:36:55Z,5.557,Ch001_accrest_g,AMU
,,0,2016-07-05T09:50:51.974Z,2021-10-05T09:50:51.973Z,2016-08-17T21:37:01Z,8.235,Ch001_accrest_g,AMU
,,0,2016-07-05T09:50:51.974Z,2021-10-05T09:50:51.973Z,2016-08-17T21:37:11Z,5.367,Ch001_accrest_g,AMU
,,0,2016-07-05T09:50:51.974Z,2021-10-05T09:50:51.973Z,2016-08-17T21:37:13Z,4.849,Ch001_accrest_g,AMU
,,0,2016-07-05T09:50:51.974Z,2021-10-05T09:50:51.973Z,2016-08-17T21:37:15Z,4.939,Ch001_accrest_g,AMU
,,0,2016-07-05T09:50:51.974Z,2021-10-05T09:50:51.973Z,2016-08-17T21:37:27Z,5.615,Ch001_accrest_g,AMU
,,0,2016-07-05T09:50:51.974Z,2021-10-05T09:50:51.973Z,2016-08-17T21:37:29Z,5.602,Ch001_accrest_g,AMU
,,0,2016-07-05T09:50:51.974Z,2021-10-05T09:50:51.973Z,2016-08-17T21:37:35Z,5.29,Ch001_accrest_g,AMU
,,0,2016-07-05T09:50:51.974Z,2021-10-05T09:50:51.973Z,2016-08-17T21:37:37Z,5.085,Ch001_accrest_g,AMU
,,0,2016-07-05T09:50:51.974Z,2021-10-05T09:50:51.973Z,2016-08-17T21:37:45Z,9.352,Ch001_accrest_g,AMU
,,0,2016-07-05T09:50:51.974Z,2021-10-05T09:50:51.973Z,2016-08-17T21:37:47Z,4.702,Ch001_accrest_g,AMU
,,0,2016-07-05T09:50:51.974Z,2021-10-05T09:50:51.973Z,2016-08-17T21:37:57Z,5.299,Ch001_accrest_g,AMU
,,0,2016-07-05T09:50:51.974Z,2021-10-05T09:50:51.973Z,2016-08-17T21:38:01Z,9.757,Ch001_accrest_g,AMU
,,0,2016-07-05T09:50:51.974Z,2021-10-05T09:50:51.973Z,2016-08-17T21:38:03Z,5.159,Ch001_accrest_g,AMU
,,0,2016-07-05T09:50:51.974Z,2021-10-05T09:50:51.973Z,2016-08-17T21:38:05Z,5.099,Ch001_accrest_g,AMU
,,0,2016-07-05T09:50:51.974Z,2021-10-05T09:50:51.973Z,2016-08-17T21:38:15Z,5.289,Ch001_accrest_g,AMU
,,0,2016-07-05T09:50:51.974Z,2021-10-05T09:50:51.973Z,2016-08-17T21:38:19Z,5.259,Ch001_accrest_g,AMU
,,0,2016-07-05T09:50:51.974Z,2021-10-05T09:50:51.973Z,2016-08-17T21:38:21Z,4.977,Ch001_accrest_g,AMU
,,0,2016-07-05T09:50:51.974Z,2021-10-05T09:50:51.973Z,2016-08-17T21:38:23Z,5.024,Ch001_accrest_g,AMU
,,0,2016-07-05T09:50:51.974Z,2021-10-05T09:50:51.973Z,2016-08-17T21:38:31Z,5.165,Ch001_accrest_g,AMU
,,0,2016-07-05T09:50:51.974Z,2021-10-05T09:50:51.973Z,2016-08-17T21:38:37Z,5.065,Ch001_accrest_g,AMU
,,0,2016-07-05T09:50:51.974Z,2021-10-05T09:50:51.973Z,2016-08-17T21:38:41Z,4.695,Ch001_accrest_g,AMU
,,0,2016-07-05T09:50:51.974Z,2021-10-05T09:50:51.973Z,2016-08-17T21:38:49Z,5.442,Ch001_accrest_g,AMU
,,0,2016-07-05T09:50:51.974Z,2021-10-05T09:50:51.973Z,2016-08-17T21:39:01Z,5.353,Ch001_accrest_g,AMU
,,0,2016-07-05T09:50:51.974Z,2021-10-05T09:50:51.973Z,2016-08-17T21:39:13Z,5.14,Ch001_accrest_g,AMU
,,0,2016-07-05T09:50:51.974Z,2021-10-05T09:50:51.973Z,2016-08-17T21:39:21Z,5.336,Ch001_accrest_g,AMU
,,0,2016-07-05T09:50:51.974Z,2021-10-05T09:50:51.973Z,2016-08-17T21:39:29Z,6.019,Ch001_accrest_g,AMU
,,0,2016-07-05T09:50:51.974Z,2021-10-05T09:50:51.973Z,2016-08-17T21:39:31Z,4.712,Ch001_accrest_g,AMU
,,0,2016-07-05T09:50:51.974Z,2021-10-05T09:50:51.973Z,2016-08-17T21:39:33Z,4.748,Ch001_accrest_g,AMU
,,0,2016-07-05T09:50:51.974Z,2021-10-05T09:50:51.973Z,2016-08-17T21:39:35Z,4.792,Ch001_accrest_g,AMU
,,0,2016-07-05T09:50:51.974Z,2021-10-05T09:50:51.973Z,2016-08-17T21:39:43Z,4.574,Ch001_accrest_g,AMU
,,0,2016-07-05T09:50:51.974Z,2021-10-05T09:50:51.973Z,2016-08-17T21:39:47Z,4.504,Ch001_accrest_g,AMU
,,0,2016-07-05T09:50:51.974Z,2021-10-05T09:50:51.973Z,2016-08-17T21:40:01Z,4.978,Ch001_accrest_g,AMU
,,0,2016-07-05T09:50:51.974Z,2021-10-05T09:50:51.973Z,2016-08-17T21:40:03Z,4.651,Ch001_accrest_g,AMU
,,0,2016-07-05T09:50:51.974Z,2021-10-05T09:50:51.973Z,2016-08-17T21:40:05Z,5.295,Ch001_accrest_g,AMU
,,0,2016-07-05T09:50:51.974Z,2021-10-05T09:50:51.973Z,2016-08-17T21:40:07Z,5.241,Ch001_accrest_g,AMU
,,0,2016-07-05T09:50:51.974Z,2021-10-05T09:50:51.973Z,2016-08-17T21:40:13Z,4.896,Ch001_accrest_g,AMU
,,0,2016-07-05T09:50:51.974Z,2021-10-05T09:50:51.973Z,2016-08-17T21:40:29Z,5.293,Ch001_accrest_g,AMU
,,0,2016-07-05T09:50:51.974Z,2021-10-05T09:50:51.973Z,2016-08-17T21:40:35Z,4.566,Ch001_accrest_g,AMU
,,0,2016-07-05T09:50:51.974Z,2021-10-05T09:50:51.973Z,2016-08-17T21:40:37Z,4.716,Ch001_accrest_g,AMU
,,0,2016-07-05T09:50:51.974Z,2021-10-05T09:50:51.973Z,2016-08-17T21:40:51Z,4.704,Ch001_accrest_g,AMU
,,0,2016-07-05T09:50:51.974Z,2021-10-05T09:50:51.973Z,2016-08-17T21:40:55Z,4.72,Ch001_accrest_g,AMU
,,0,2016-07-05T09:50:51.974Z,2021-10-05T09:50:51.973Z,2016-08-17T21:40:57Z,4.679,Ch001_accrest_g,AMU
,,0,2016-07-05T09:50:51.974Z,2021-10-05T09:50:51.973Z,2016-08-17T21:41:03Z,5.226,Ch001_accrest_g,AMU
,,0,2016-07-05T09:50:51.974Z,2021-10-05T09:50:51.973Z,2016-08-17T21:41:05Z,5.101,Ch001_accrest_g,AMU
,,0,2016-07-05T09:50:51.974Z,2021-10-05T09:50:51.973Z,2016-08-17T21:41:07Z,5.554,Ch001_accrest_g,AMU
,,0,2016-07-05T09:50:51.974Z,2021-10-05T09:50:51.973Z,2016-08-17T21:41:09Z,5.195,Ch001_accrest_g,AMU
,,0,2016-07-05T09:50:51.974Z,2021-10-05T09:50:51.973Z,2016-08-17T21:41:15Z,5.464,Ch001_accrest_g,AMU
,,0,2016-07-05T09:50:51.974Z,2021-10-05T09:50:51.973Z,2016-08-17T21:41:25Z,5.601,Ch001_accrest_g,AMU
,,0,2016-07-05T09:50:51.974Z,2021-10-05T09:50:51.973Z,2016-08-17T21:41:31Z,4.719,Ch001_accrest_g,AMU
,,0,2016-07-05T09:50:51.974Z,2021-10-05T09:50:51.973Z,2016-08-17T21:41:35Z,5.034,Ch001_accrest_g,AMU
,,0,2016-07-05T09:50:51.974Z,2021-10-05T09:50:51.973Z,2016-08-17T21:41:39Z,5.608,Ch001_accrest_g,AMU
,,0,2016-07-05T09:50:51.974Z,2021-10-05T09:50:51.973Z,2016-08-17T21:41:45Z,5.088,Ch001_accrest_g,AMU
,,0,2016-07-05T09:50:51.974Z,2021-10-05T09:50:51.973Z,2016-08-17T21:41:55Z,4.901,Ch001_accrest_g,AMU
,,0,2016-07-05T09:50:51.974Z,2021-10-05T09:50:51.973Z,2016-08-17T21:41:59Z,5.181,Ch001_accrest_g,AMU
,,0,2016-07-05T09:50:51.974Z,2021-10-05T09:50:51.973Z,2016-08-17T21:42:01Z,6.314,Ch001_accrest_g,AMU
,,0,2016-07-05T09:50:51.974Z,2021-10-05T09:50:51.973Z,2016-08-17T21:42:05Z,5.002,Ch001_accrest_g,AMU
,,0,2016-07-05T09:50:51.974Z,2021-10-05T09:50:51.973Z,2016-08-17T21:42:11Z,5.709,Ch001_accrest_g,AMU
,,0,2016-07-05T09:50:51.974Z,2021-10-05T09:50:51.973Z,2016-08-17T21:42:15Z,4.863,Ch001_accrest_g,AMU
,,0,2016-07-05T09:50:51.974Z,2021-10-05T09:50:51.973Z,2016-08-17T21:42:17Z,4.928,Ch001_accrest_g,AMU
,,0,2016-07-05T09:50:51.974Z,2021-10-05T09:50:51.973Z,2016-08-17T21:42:19Z,5.246,Ch001_accrest_g,AMU
,,0,2016-07-05T09:50:51.974Z,2021-10-05T09:50:51.973Z,2016-08-17T21:42:21Z,5.382,Ch001_accrest_g,AMU
,,0,2016-07-05T09:50:51.974Z,2021-10-05T09:50:51.973Z,2016-08-17T21:42:23Z,5.8,Ch001_accrest_g,AMU
,,0,2016-07-05T09:50:51.974Z,2021-10-05T09:50:51.973Z,2016-08-17T21:42:25Z,5.136,Ch001_accrest_g,AMU
,,0,2016-07-05T09:50:51.974Z,2021-10-05T09:50:51.973Z,2016-08-17T21:42:35Z,4.841,Ch001_accrest_g,AMU
,,0,2016-07-05T09:50:51.974Z,2021-10-05T09:50:51.973Z,2016-08-17T21:42:43Z,4.638,Ch001_accrest_g,AMU
,,0,2016-07-05T09:50:51.974Z,2021-10-05T09:50:51.973Z,2016-08-17T21:42:49Z,5.571,Ch001_accrest_g,AMU
,,0,2016-07-05T09:50:51.974Z,2021-10-05T09:50:51.973Z,2016-08-17T21:42:53Z,4.818,Ch001_accrest_g,AMU
,,0,2016-07-05T09:50:51.974Z,2021-10-05T09:50:51.973Z,2016-08-17T21:43:01Z,6.884,Ch001_accrest_g,AMU
,,0,2016-07-05T09:50:51.974Z,2021-10-05T09:50:51.973Z,2016-08-17T21:43:07Z,5.698,Ch001_accrest_g,AMU
,,0,2016-07-05T09:50:51.974Z,2021-10-05T09:50:51.973Z,2016-08-17T21:43:13Z,4.727,Ch001_accrest_g,AMU
,,0,2016-07-05T09:50:51.974Z,2021-10-05T09:50:51.973Z,2016-08-17T21:43:17Z,4.753,Ch001_accrest_g,AMU
,,0,2016-07-05T09:50:51.974Z,2021-10-05T09:50:51.973Z,2016-08-17T21:43:21Z,5.662,Ch001_accrest_g,AMU
,,0,2016-07-05T09:50:51.974Z,2021-10-05T09:50:51.973Z,2016-08-17T21:43:23Z,5.301,Ch001_accrest_g,AMU
,,0,2016-07-05T09:50:51.974Z,2021-10-05T09:50:51.973Z,2016-08-17T21:43:25Z,5.52,Ch001_accrest_g,AMU
,,0,2016-07-05T09:50:51.974Z,2021-10-05T09:50:51.973Z,2016-08-17T21:43:39Z,4.454,Ch001_accrest_g,AMU
,,0,2016-07-05T09:50:51.974Z,2021-10-05T09:50:51.973Z,2016-08-17T21:43:41Z,4.998,Ch001_accrest_g,AMU
,,0,2016-07-05T09:50:51.974Z,2021-10-05T09:50:51.973Z,2016-08-17T21:43:47Z,4.838,Ch001_accrest_g,AMU
,,0,2016-07-05T09:50:51.974Z,2021-10-05T09:50:51.973Z,2016-08-17T21:43:49Z,4.535,Ch001_accrest_g,AMU
,,0,2016-07-05T09:50:51.974Z,2021-10-05T09:50:51.973Z,2016-08-17T21:43:57Z,4.99,Ch001_accrest_g,AMU
,,0,2016-07-05T09:50:51.974Z,2021-10-05T09:50:51.973Z,2016-08-17T21:44:15Z,5.55,Ch001_accrest_g,AMU
,,0,2016-07-05T09:50:51.974Z,2021-10-05T09:50:51.973Z,2016-08-17T21:44:21Z,4.525,Ch001_accrest_g,AMU
,,0,2016-07-05T09:50:51.974Z,2021-10-05T09:50:51.973Z,2016-08-17T21:44:23Z,5.15,Ch001_accrest_g,AMU
,,0,2016-07-05T09:50:51.974Z,2021-10-05T09:50:51.973Z,2016-08-17T21:44:25Z,4.746,Ch001_accrest_g,AMU
,,0,2016-07-05T09:50:51.974Z,2021-10-05T09:50:51.973Z,2016-08-17T21:44:33Z,5.467,Ch001_accrest_g,AMU
,,0,2016-07-05T09:50:51.974Z,2021-10-05T09:50:51.973Z,2016-08-17T21:45:01Z,4.732,Ch001_accrest_g,AMU
,,0,2016-07-05T09:50:51.974Z,2021-10-05T09:50:51.973Z,2016-08-17T21:45:05Z,4.756,Ch001_accrest_g,AMU
,,0,2016-07-05T09:50:51.974Z,2021-10-05T09:50:51.973Z,2016-08-17T21:45:19Z,5.215,Ch001_accrest_g,AMU
,,0,2016-07-05T09:50:51.974Z,2021-10-05T09:50:51.973Z,2016-08-17T21:45:27Z,5.488,Ch001_accrest_g,AMU
,,0,2016-07-05T09:50:51.974Z,2021-10-05T09:50:51.973Z,2016-08-17T21:45:33Z,5.607,Ch001_accrest_g,AMU
,,0,2016-07-05T09:50:51.974Z,2021-10-05T09:50:51.973Z,2016-08-17T21:45:35Z,4.711,Ch001_accrest_g,AMU
,,0,2016-07-05T09:50:51.974Z,2021-10-05T09:50:51.973Z,2016-08-17T21:45:45Z,5.007,Ch001_accrest_g,AMU
,,0,2016-07-05T09:50:51.974Z,2021-10-05T09:50:51.973Z,2016-08-17T21:45:49Z,6.078,Ch001_accrest_g,AMU
,,0,2016-07-05T09:50:51.974Z,2021-10-05T09:50:51.973Z,2016-08-17T21:46:03Z,4.956,Ch001_accrest_g,AMU
,,0,2016-07-05T09:50:51.974Z,2021-10-05T09:50:51.973Z,2016-08-17T21:46:17Z,4.363,Ch001_accrest_g,AMU
,,0,2016-07-05T09:50:51.974Z,2021-10-05T09:50:51.973Z,2016-08-17T21:46:27Z,5.012,Ch001_accrest_g,AMU
,,0,2016-07-05T09:50:51.974Z,2021-10-05T09:50:51.973Z,2016-08-17T21:46:31Z,5.394,Ch001_accrest_g,AMU
,,0,2016-07-05T09:50:51.974Z,2021-10-05T09:50:51.973Z,2016-08-17T21:46:43Z,5.199,Ch001_accrest_g,AMU
,,0,2016-07-05T09:50:51.974Z,2021-10-05T09:50:51.973Z,2016-08-17T21:47:01Z,5.1,Ch001_accrest_g,AMU
,,0,2016-07-05T09:50:51.974Z,2021-10-05T09:50:51.973Z,2016-08-17T21:47:03Z,5.96,Ch001_accrest_g,AMU
,,0,2016-07-05T09:50:51.974Z,2021-10-05T09:50:51.973Z,2016-08-17T21:47:05Z,4.682,Ch001_accrest_g,AMU
,,0,2016-07-05T09:50:51.974Z,2021-10-05T09:50:51.973Z,2016-08-17T21:47:07Z,5.237,Ch001_accrest_g,AMU
,,0,2016-07-05T09:50:51.974Z,2021-10-05T09:50:51.973Z,2016-08-17T21:47:19Z,4.643,Ch001_accrest_g,AMU
,,0,2016-07-05T09:50:51.974Z,2021-10-05T09:50:51.973Z,2016-08-17T21:47:33Z,4.791,Ch001_accrest_g,AMU
,,0,2016-07-05T09:50:51.974Z,2021-10-05T09:50:51.973Z,2016-08-17T21:47:45Z,5.22,Ch001_accrest_g,AMU
,,0,2016-07-05T09:50:51.974Z,2021-10-05T09:50:51.973Z,2016-08-17T21:47:47Z,4.972,Ch001_accrest_g,AMU
,,0,2016-07-05T09:50:51.974Z,2021-10-05T09:50:51.973Z,2016-08-17T21:48:03Z,5.281,Ch001_accrest_g,AMU
,,0,2016-07-05T09:50:51.974Z,2021-10-05T09:50:51.973Z,2016-08-17T21:48:05Z,5.368,Ch001_accrest_g,AMU
,,0,2016-07-05T09:50:51.974Z,2021-10-05T09:50:51.973Z,2016-08-17T21:48:19Z,4.9,Ch001_accrest_g,AMU
,,0,2016-07-05T09:50:51.974Z,2021-10-05T09:50:51.973Z,2016-08-17T21:48:33Z,4.457,Ch001_accrest_g,AMU
,,0,2016-07-05T09:50:51.974Z,2021-10-05T09:50:51.973Z,2016-08-17T21:48:35Z,5.302,Ch001_accrest_g,AMU
,,0,2016-07-05T09:50:51.974Z,2021-10-05T09:50:51.973Z,2016-08-17T21:48:39Z,4.805,Ch001_accrest_g,AMU
,,0,2016-07-05T09:50:51.974Z,2021-10-05T09:50:51.973Z,2016-08-17T21:48:43Z,5.083,Ch001_accrest_g,AMU
,,0,2016-07-05T09:50:51.974Z,2021-10-05T09:50:51.973Z,2016-08-17T21:48:45Z,4.957,Ch001_accrest_g,AMU
,,0,2016-07-05T09:50:51.974Z,2021-10-05T09:50:51.973Z,2016-08-17T21:48:49Z,4.781,Ch001_accrest_g,AMU
,,0,2016-07-05T09:50:51.974Z,2021-10-05T09:50:51.973Z,2016-08-17T21:49:01Z,5.128,Ch001_accrest_g,AMU
,,0,2016-07-05T09:50:51.974Z,2021-10-05T09:50:51.973Z,2016-08-17T21:49:17Z,5.499,Ch001_accrest_g,AMU
,,0,2016-07-05T09:50:51.974Z,2021-10-05T09:50:51.973Z,2016-08-17T21:49:21Z,4.826,Ch001_accrest_g,AMU
,,0,2016-07-05T09:50:51.974Z,2021-10-05T09:50:51.973Z,2016-08-17T21:49:23Z,5.396,Ch001_accrest_g,AMU
,,0,2016-07-05T09:50:51.974Z,2021-10-05T09:50:51.973Z,2016-08-17T21:49:25Z,5.829,Ch001_accrest_g,AMU
,,0,2016-07-05T09:50:51.974Z,2021-10-05T09:50:51.973Z,2016-08-17T21:49:39Z,4.71,Ch001_accrest_g,AMU
,,0,2016-07-05T09:50:51.974Z,2021-10-05T09:50:51.973Z,2016-08-17T21:49:43Z,4.708,Ch001_accrest_g,AMU
,,0,2016-07-05T09:50:51.974Z,2021-10-05T09:50:51.973Z,2016-08-17T21:49:51Z,5.037,Ch001_accrest_g,AMU
,,0,2016-07-05T09:50:51.974Z,2021-10-05T09:50:51.973Z,2016-08-17T21:49:57Z,4.82,Ch001_accrest_g,AMU
,,0,2016-07-05T09:50:51.974Z,2021-10-05T09:50:51.973Z,2016-08-17T21:50:03Z,4.725,Ch001_accrest_g,AMU
,,0,2016-07-05T09:50:51.974Z,2021-10-05T09:50:51.973Z,2016-08-17T21:50:09Z,6.875,Ch001_accrest_g,AMU
,,0,2016-07-05T09:50:51.974Z,2021-10-05T09:50:51.973Z,2016-08-17T21:50:15Z,4.636,Ch001_accrest_g,AMU
,,0,2016-07-05T09:50:51.974Z,2021-10-05T09:50:51.973Z,2016-08-17T21:50:17Z,5.753,Ch001_accrest_g,AMU
,,0,2016-07-05T09:50:51.974Z,2021-10-05T09:50:51.973Z,2016-08-17T21:50:19Z,4.987,Ch001_accrest_g,AMU
,,0,2016-07-05T09:50:51.974Z,2021-10-05T09:50:51.973Z,2016-08-17T21:50:21Z,5.4,Ch001_accrest_g,AMU
,,0,2016-07-05T09:50:51.974Z,2021-10-05T09:50:51.973Z,2016-08-17T21:50:27Z,4.942,Ch001_accrest_g,AMU
,,0,2016-07-05T09:50:51.974Z,2021-10-05T09:50:51.973Z,2016-08-17T21:50:29Z,5.476,Ch001_accrest_g,AMU
,,0,2016-07-05T09:50:51.974Z,2021-10-05T09:50:51.973Z,2016-08-17T21:50:39Z,4.5,Ch001_accrest_g,AMU
,,0,2016-07-05T09:50:51.974Z,2021-10-05T09:50:51.973Z,2016-08-17T21:50:47Z,5.118,Ch001_accrest_g,AMU
,,0,2016-07-05T09:50:51.974Z,2021-10-05T09:50:51.973Z,2016-08-17T21:50:57Z,4.979,Ch001_accrest_g,AMU
,,0,2016-07-05T09:50:51.974Z,2021-10-05T09:50:51.973Z,2016-08-17T21:50:59Z,5.902,Ch001_accrest_g,AMU
,,0,2016-07-05T09:50:51.974Z,2021-10-05T09:50:51.973Z,2016-08-17T21:51:01Z,7.664,Ch001_accrest_g,AMU
,,0,2016-07-05T09:50:51.974Z,2021-10-05T09:50:51.973Z,2016-08-17T21:51:09Z,4.64,Ch001_accrest_g,AMU
,,0,2016-07-05T09:50:51.974Z,2021-10-05T09:50:51.973Z,2016-08-17T21:51:11Z,4.912,Ch001_accrest_g,AMU
,,0,2016-07-05T09:50:51.974Z,2021-10-05T09:50:51.973Z,2016-08-17T21:51:15Z,6.062,Ch001_accrest_g,AMU
,,0,2016-07-05T09:50:51.974Z,2021-10-05T09:50:51.973Z,2016-08-17T21:51:21Z,5.523,Ch001_accrest_g,AMU
,,0,2016-07-05T09:50:51.974Z,2021-10-05T09:50:51.973Z,2016-08-17T21:51:23Z,4.855,Ch001_accrest_g,AMU
,,0,2016-07-05T09:50:51.974Z,2021-10-05T09:50:51.973Z,2016-08-17T21:51:25Z,5.475,Ch001_accrest_g,AMU
,,0,2016-07-05T09:50:51.974Z,2021-10-05T09:50:51.973Z,2016-08-17T21:51:31Z,5.471,Ch001_accrest_g,AMU
,,0,2016-07-05T09:50:51.974Z,2021-10-05T09:50:51.973Z,2016-08-17T21:51:35Z,4.856,Ch001_accrest_g,AMU
,,0,2016-07-05T09:50:51.974Z,2021-10-05T09:50:51.973Z,2016-08-17T21:51:39Z,5.152,Ch001_accrest_g,AMU
,,0,2016-07-05T09:50:51.974Z,2021-10-05T09:50:51.973Z,2016-08-17T21:51:47Z,4.892,Ch001_accrest_g,AMU
,,0,2016-07-05T09:50:51.974Z,2021-10-05T09:50:51.973Z,2016-08-17T21:51:51Z,4.862,Ch001_accrest_g,AMU
,,0,2016-07-05T09:50:51.974Z,2021-10-05T09:50:51.973Z,2016-08-17T21:51:59Z,5.775,Ch001_accrest_g,AMU
,,0,2016-07-05T09:50:51.974Z,2021-10-05T09:50:51.973Z,2016-08-17T21:52:03Z,5.721,Ch001_accrest_g,AMU
,,0,2016-07-05T09:50:51.974Z,2021-10-05T09:50:51.973Z,2016-08-17T21:52:05Z,5.144,Ch001_accrest_g,AMU
,,0,2016-07-05T09:50:51.974Z,2021-10-05T09:50:51.973Z,2016-08-17T21:52:13Z,4.815,Ch001_accrest_g,AMU
,,0,2016-07-05T09:50:51.974Z,2021-10-05T09:50:51.973Z,2016-08-17T21:52:17Z,4.909,Ch001_accrest_g,AMU
,,0,2016-07-05T09:50:51.974Z,2021-10-05T09:50:51.973Z,2016-08-17T21:52:21Z,4.701,Ch001_accrest_g,AMU
,,0,2016-07-05T09:50:51.974Z,2021-10-05T09:50:51.973Z,2016-08-17T21:52:27Z,5.502,Ch001_accrest_g,AMU
,,0,2016-07-05T09:50:51.974Z,2021-10-05T09:50:51.973Z,2016-08-17T21:52:33Z,4.594,Ch001_accrest_g,AMU
,,0,2016-07-05T09:50:51.974Z,2021-10-05T09:50:51.973Z,2016-08-17T21:52:41Z,5.197,Ch001_accrest_g,AMU
,,0,2016-07-05T09:50:51.974Z,2021-10-05T09:50:51.973Z,2016-08-17T21:53:01Z,5.373,Ch001_accrest_g,AMU
,,0,2016-07-05T09:50:51.974Z,2021-10-05T09:50:51.973Z,2016-08-17T21:53:03Z,5.542,Ch001_accrest_g,AMU
,,0,2016-07-05T09:50:51.974Z,2021-10-05T09:50:51.973Z,2016-08-17T21:53:11Z,5.435,Ch001_accrest_g,AMU
,,0,2016-07-05T09:50:51.974Z,2021-10-05T09:50:51.973Z,2016-08-17T21:53:13Z,5.937,Ch001_accrest_g,AMU
,,0,2016-07-05T09:50:51.974Z,2021-10-05T09:50:51.973Z,2016-08-17T21:53:19Z,4.506,Ch001_accrest_g,AMU
,,0,2016-07-05T09:50:51.974Z,2021-10-05T09:50:51.973Z,2016-08-17T21:53:43Z,5.3,Ch001_accrest_g,AMU
,,0,2016-07-05T09:50:51.974Z,2021-10-05T09:50:51.973Z,2016-08-17T21:53:55Z,4.821,Ch001_accrest_g,AMU
,,0,2016-07-05T09:50:51.974Z,2021-10-05T09:50:51.973Z,2016-08-17T21:54:09Z,5.01,Ch001_accrest_g,AMU
,,0,2016-07-05T09:50:51.974Z,2021-10-05T09:50:51.973Z,2016-08-17T21:54:15Z,4.918,Ch001_accrest_g,AMU
,,0,2016-07-05T09:50:51.974Z,2021-10-05T09:50:51.973Z,2016-08-17T21:54:25Z,5.634,Ch001_accrest_g,AMU
,,0,2016-07-05T09:50:51.974Z,2021-10-05T09:50:51.973Z,2016-08-17T21:54:27Z,5.075,Ch001_accrest_g,AMU
,,0,2016-07-05T09:50:51.974Z,2021-10-05T09:50:51.973Z,2016-08-17T21:54:29Z,5.518,Ch001_accrest_g,AMU
,,0,2016-07-05T09:50:51.974Z,2021-10-05T09:50:51.973Z,2016-08-17T21:54:41Z,5.026,Ch001_accrest_g,AMU
,,0,2016-07-05T09:50:51.974Z,2021-10-05T09:50:51.973Z,2016-08-17T21:54:47Z,4.493,Ch001_accrest_g,AMU
,,0,2016-07-05T09:50:51.974Z,2021-10-05T09:50:51.973Z,2016-08-17T21:54:51Z,5.314,Ch001_accrest_g,AMU
,,0,2016-07-05T09:50:51.974Z,2021-10-05T09:50:51.973Z,2016-08-17T21:54:57Z,6.046,Ch001_accrest_g,AMU
,,0,2016-07-05T09:50:51.974Z,2021-10-05T09:50:51.973Z,2016-08-17T21:54:59Z,5.304,Ch001_accrest_g,AMU
,,0,2016-07-05T09:50:51.974Z,2021-10-05T09:50:51.973Z,2016-08-17T21:55:07Z,4.714,Ch001_accrest_g,AMU
,,0,2016-07-05T09:50:51.974Z,2021-10-05T09:50:51.973Z,2016-08-17T21:55:13Z,6.134,Ch001_accrest_g,AMU
,,0,2016-07-05T09:50:51.974Z,2021-10-05T09:50:51.973Z,2016-08-17T21:55:17Z,5.526,Ch001_accrest_g,AMU
,,0,2016-07-05T09:50:51.974Z,2021-10-05T09:50:51.973Z,2016-08-17T21:55:21Z,5.371,Ch001_accrest_g,AMU
,,0,2016-07-05T09:50:51.974Z,2021-10-05T09:50:51.973Z,2016-08-17T21:55:31Z,4.833,Ch001_accrest_g,AMU
,,0,2016-07-05T09:50:51.974Z,2021-10-05T09:50:51.973Z,2016-08-17T21:55:35Z,6.478,Ch001_accrest_g,AMU
,,0,2016-07-05T09:50:51.974Z,2021-10-05T09:50:51.973Z,2016-08-17T21:55:47Z,6.004,Ch001_accrest_g,AMU
,,0,2016-07-05T09:50:51.974Z,2021-10-05T09:50:51.973Z,2016-08-17T21:55:49Z,4.51,Ch001_accrest_g,AMU
,,0,2016-07-05T09:50:51.974Z,2021-10-05T09:50:51.973Z,2016-08-17T21:55:53Z,5.695,Ch001_accrest_g,AMU
,,0,2016-07-05T09:50:51.974Z,2021-10-05T09:50:51.973Z,2016-08-17T21:55:55Z,6.299,Ch001_accrest_g,AMU
,,0,2016-07-05T09:50:51.974Z,2021-10-05T09:50:51.973Z,2016-08-17T21:56:03Z,5.356,Ch001_accrest_g,AMU
,,0,2016-07-05T09:50:51.974Z,2021-10-05T09:50:51.973Z,2016-08-17T21:56:05Z,5.158,Ch001_accrest_g,AMU
,,0,2016-07-05T09:50:51.974Z,2021-10-05T09:50:51.973Z,2016-08-17T21:56:07Z,4.967,Ch001_accrest_g,AMU
,,0,2016-07-05T09:50:51.974Z,2021-10-05T09:50:51.973Z,2016-08-17T21:56:11Z,4.797,Ch001_accrest_g,AMU
,,0,2016-07-05T09:50:51.974Z,2021-10-05T09:50:51.973Z,2016-08-17T21:56:15Z,5.19,Ch001_accrest_g,AMU
,,0,2016-07-05T09:50:51.974Z,2021-10-05T09:50:51.973Z,2016-08-17T21:56:17Z,5.842,Ch001_accrest_g,AMU
,,0,2016-07-05T09:50:51.974Z,2021-10-05T09:50:51.973Z,2016-08-17T21:56:21Z,5.645,Ch001_accrest_g,AMU
,,0,2016-07-05T09:50:51.974Z,2021-10-05T09:50:51.973Z,2016-08-17T21:56:23Z,4.527,Ch001_accrest_g,AMU
,,0,2016-07-05T09:50:51.974Z,2021-10-05T09:50:51.973Z,2016-08-17T21:56:27Z,5.635,Ch001_accrest_g,AMU
,,0,2016-07-05T09:50:51.974Z,2021-10-05T09:50:51.973Z,2016-08-17T21:56:29Z,4.613,Ch001_accrest_g,AMU
,,0,2016-07-05T09:50:51.974Z,2021-10-05T09:50:51.973Z,2016-08-17T21:56:33Z,5.839,Ch001_accrest_g,AMU
,,0,2016-07-05T09:50:51.974Z,2021-10-05T09:50:51.973Z,2016-08-17T21:56:43Z,5.477,Ch001_accrest_g,AMU
,,0,2016-07-05T09:50:51.974Z,2021-10-05T09:50:51.973Z,2016-08-17T21:57:07Z,5.058,Ch001_accrest_g,AMU
,,0,2016-07-05T09:50:51.974Z,2021-10-05T09:50:51.973Z,2016-08-17T21:57:11Z,5.715,Ch001_accrest_g,AMU
,,0,2016-07-05T09:50:51.974Z,2021-10-05T09:50:51.973Z,2016-08-17T21:57:13Z,5.944,Ch001_accrest_g,AMU
,,0,2016-07-05T09:50:51.974Z,2021-10-05T09:50:51.973Z,2016-08-17T21:57:29Z,5.398,Ch001_accrest_g,AMU
,,0,2016-07-05T09:50:51.974Z,2021-10-05T09:50:51.973Z,2016-08-17T21:57:31Z,5.183,Ch001_accrest_g,AMU
,,0,2016-07-05T09:50:51.974Z,2021-10-05T09:50:51.973Z,2016-08-17T21:57:35Z,5.832,Ch001_accrest_g,AMU
,,0,2016-07-05T09:50:51.974Z,2021-10-05T09:50:51.973Z,2016-08-17T21:58:03Z,5.73,Ch001_accrest_g,AMU
,,0,2016-07-05T09:50:51.974Z,2021-10-05T09:50:51.973Z,2016-08-17T21:58:11Z,5.678,Ch001_accrest_g,AMU
,,0,2016-07-05T09:50:51.974Z,2021-10-05T09:50:51.973Z,2016-08-17T21:58:19Z,4.565,Ch001_accrest_g,AMU
,,0,2016-07-05T09:50:51.974Z,2021-10-05T09:50:51.973Z,2016-08-17T21:58:45Z,5.76,Ch001_accrest_g,AMU
,,0,2016-07-05T09:50:51.974Z,2021-10-05T09:50:51.973Z,2016-08-17T21:58:53Z,4.532,Ch001_accrest_g,AMU
,,0,2016-07-05T09:50:51.974Z,2021-10-05T09:50:51.973Z,2016-08-17T21:58:59Z,5.326,Ch001_accrest_g,AMU
,,0,2016-07-05T09:50:51.974Z,2021-10-05T09:50:51.973Z,2016-08-17T21:59:03Z,4.62,Ch001_accrest_g,AMU
,,0,2016-07-05T09:50:51.974Z,2021-10-05T09:50:51.973Z,2016-08-17T21:59:15Z,4.992,Ch001_accrest_g,AMU
,,0,2016-07-05T09:50:51.974Z,2021-10-05T09:50:51.973Z,2016-08-17T21:59:39Z,5.494,Ch001_accrest_g,AMU
,,0,2016-07-05T09:50:51.974Z,2021-10-05T09:50:51.973Z,2016-08-17T21:59:49Z,4.875,Ch001_accrest_g,AMU
,,0,2016-07-05T09:50:51.974Z,2021-10-05T09:50:51.973Z,2016-08-17T21:59:51Z,4.672,Ch001_accrest_g,AMU
,,0,2016-07-05T09:50:51.974Z,2021-10-05T09:50:51.973Z,2016-08-17T21:59:57Z,4.691,Ch001_accrest_g,AMU

