#group,false,false,true,true,false,false,true,true
#datatype,string,long,dateTime:RFC3339,dateTime:RFC3339,dateTime:RFC3339,double,string,string
#default,unique,,,,,,,
,result,table,_start,_stop,_time,_value,_field,_measurement
,,0,2016-07-05T09:50:51.974Z,2021-10-05T09:50:51.973Z,2016-08-17T21:00:01Z,5.942,Ch002_accrest_g,AMU
,,0,2016-07-05T09:50:51.974Z,2021-10-05T09:50:51.973Z,2016-08-17T21:00:03Z,4.699,Ch002_accrest_g,AMU
,,0,2016-07-05T09:50:51.974Z,2021-10-05T09:50:51.973Z,2016-08-17T21:00:05Z,4.28,Ch002_accrest_g,AMU
,,0,2016-07-05T09:50:51.974Z,2021-10-05T09:50:51.973Z,2016-08-17T21:00:07Z,4.307,Ch002_accrest_g,AMU
,,0,2016-07-05T09:50:51.974Z,2021-10-05T09:50:51.973Z,2016-08-17T21:00:09Z,5.222,Ch002_accrest_g,AMU
,,0,2016-07-05T09:50:51.974Z,2021-10-05T09:50:51.973Z,2016-08-17T21:00:11Z,4.73,Ch002_accrest_g,AMU
,,0,2016-07-05T09:50:51.974Z,2021-10-05T09:50:51.973Z,2016-08-17T21:00:13Z,4.7,Ch002_accrest_g,AMU
,,0,2016-07-05T09:50:51.974Z,2021-10-05T09:50:51.973Z,2016-08-17T21:00:15Z,4.901,Ch002_accrest_g,AMU
,,0,2016-07-05T09:50:51.974Z,2021-10-05T09:50:51.973Z,2016-08-17T21:00:17Z,4.653,Ch002_accrest_g,AMU
,,0,2016-07-05T09:50:51.974Z,2021-10-05T09:50:51.973Z,2016-08-17T21:00:19Z,5.025,Ch002_accrest_g,AMU
,,0,2016-07-05T09:50:51.974Z,2021-10-05T09:50:51.973Z,2016-08-17T21:00:21Z,5.725,Ch002_accrest_g,AMU
,,0,2016-07-05T09:50:51.974Z,2021-10-05T09:50:51.973Z,2016-08-17T21:00:23Z,4.939,Ch002_accrest_g,AMU
,,0,2016-07-05T09:50:51.974Z,2021-10-05T09:50:51.973Z,2016-08-17T21:00:25Z,4.611,Ch002_accrest_g,AMU
,,0,2016-07-05T09:50:51.974Z,2021-10-05T09:50:51.973Z,2016-08-17T21:00:27Z,4.717,Ch002_accrest_g,AMU
,,0,2016-07-05T09:50:51.974Z,2021-10-05T09:50:51.973Z,2016-08-17T21:00:29Z,4.476,Ch002_accrest_g,AMU
,,0,2016-07-05T09:50:51.974Z,2021-10-05T09:50:51.973Z,2016-08-17T21:00:31Z,4.538,Ch002_accrest_g,AMU
,,0,2016-07-05T09:50:51.974Z,2021-10-05T09:50:51.973Z,2016-08-17T21:00:33Z,4.627,Ch002_accrest_g,AMU
,,0,2016-07-05T09:50:51.974Z,2021-10-05T09:50:51.973Z,2016-08-17T21:00:35Z,4.895,Ch002_accrest_g,AMU
,,0,2016-07-05T09:50:51.974Z,2021-10-05T09:50:51.973Z,2016-08-17T21:00:37Z,5.872,Ch002_accrest_g,AMU
,,0,2016-07-05T09:50:51.974Z,2021-10-05T09:50:51.973Z,2016-08-17T21:00:39Z,5.088,Ch002_accrest_g,AMU
,,0,2016-07-05T09:50:51.974Z,2021-10-05T09:50:51.973Z,2016-08-17T21:00:41Z,4.974,Ch002_accrest_g,AMU
,,0,2016-07-05T09:50:51.974Z,2021-10-05T09:50:51.973Z,2016-08-17T21:00:43Z,4.97,Ch002_accrest_g,AMU
,,0,2016-07-05T09:50:51.974Z,2021-10-05T09:50:51.973Z,2016-08-17T21:00:45Z,4.363,Ch002_accrest_g,AMU
,,0,2016-07-05T09:50:51.974Z,2021-10-05T09:50:51.973Z,2016-08-17T21:00:47Z,4.601,Ch002_accrest_g,AMU
,,0,2016-07-05T09:50:51.974Z,2021-10-05T09:50:51.973Z,2016-08-17T21:00:49Z,4.308,Ch002_accrest_g,AMU
,,0,2016-07-05T09:50:51.974Z,2021-10-05T09:50:51.973Z,2016-08-17T21:00:51Z,5.388,Ch002_accrest_g,AMU
,,0,2016-07-05T09:50:51.974Z,2021-10-05T09:50:51.973Z,2016-08-17T21:00:53Z,4.815,Ch002_accrest_g,AMU
,,0,2016-07-05T09:50:51.974Z,2021-10-05T09:50:51.973Z,2016-08-17T21:00:55Z,7.019,Ch002_accrest_g,AMU
,,0,2016-07-05T09:50:51.974Z,2021-10-05T09:50:51.973Z,2016-08-17T21:00:57Z,6.394,Ch002_accrest_g,AMU
,,0,2016-07-05T09:50:51.974Z,2021-10-05T09:50:51.973Z,2016-08-17T21:00:59Z,5.611,Ch002_accrest_g,AMU
,,0,2016-07-05T09:50:51.974Z,2021-10-05T09:50:51.973Z,2016-08-17T21:01:01Z,4.886,Ch002_accrest_g,AMU
,,0,2016-07-05T09:50:51.974Z,2021-10-05T09:50:51.973Z,2016-08-17T21:01:03Z,4.172,Ch002_accrest_g,AMU
,,0,2016-07-05T09:50:51.974Z,2021-10-05T09:50:51.973Z,2016-08-17T21:01:05Z,4.69,Ch002_accrest_g,AMU
,,0,2016-07-05T09:50:51.974Z,2021-10-05T09:50:51.973Z,2016-08-17T21:01:07Z,4.583,Ch002_accrest_g,AMU
,,0,2016-07-05T09:50:51.974Z,2021-10-05T09:50:51.973Z,2016-08-17T21:01:09Z,4.743,Ch002_accrest_g,AMU
,,0,2016-07-05T09:50:51.974Z,2021-10-05T09:50:51.973Z,2016-08-17T21:01:11Z,5.121,Ch002_accrest_g,AMU
,,0,2016-07-05T09:50:51.974Z,2021-10-05T09:50:51.973Z,2016-08-17T21:01:13Z,4.56,Ch002_accrest_g,AMU
,,0,2016-07-05T09:50:51.974Z,2021-10-05T09:50:51.973Z,2016-08-17T21:01:15Z,5.154,Ch002_accrest_g,AMU
,,0,2016-07-05T09:50:51.974Z,2021-10-05T09:50:51.973Z,2016-08-17T21:01:17Z,4.302,Ch002_accrest_g,AMU
,,0,2016-07-05T09:50:51.974Z,2021-10-05T09:50:51.973Z,2016-08-17T21:01:19Z,4.426,Ch002_accrest_g,AMU
,,0,2016-07-05T09:50:51.974Z,2021-10-05T09:50:51.973Z,2016-08-17T21:01:21Z,4.766,Ch002_accrest_g,AMU
,,0,2016-07-05T09:50:51.974Z,2021-10-05T09:50:51.973Z,2016-08-17T21:01:23Z,4.949,Ch002_accrest_g,AMU
,,0,2016-07-05T09:50:51.974Z,2021-10-05T09:50:51.973Z,2016-08-17T21:01:25Z,5.142,Ch002_accrest_g,AMU
,,0,2016-07-05T09:50:51.974Z,2021-10-05T09:50:51.973Z,2016-08-17T21:01:27Z,4.565,Ch002_accrest_g,AMU
,,0,2016-07-05T09:50:51.974Z,2021-10-05T09:50:51.973Z,2016-08-17T21:01:29Z,4.499,Ch002_accrest_g,AMU
,,0,2016-07-05T09:50:51.974Z,2021-10-05T09:50:51.973Z,2016-08-17T21:01:31Z,4.469,Ch002_accrest_g,AMU
,,0,2016-07-05T09:50:51.974Z,2021-10-05T09:50:51.973Z,2016-08-17T21:01:33Z,4.279,Ch002_accrest_g,AMU
,,0,2016-07-05T09:50:51.974Z,2021-10-05T09:50:51.973Z,2016-08-17T21:01:35Z,4.576,Ch002_accrest_g,AMU
,,0,2016-07-05T09:50:51.974Z,2021-10-05T09:50:51.973Z,2016-08-17T21:01:37Z,4.928,Ch002_accrest_g,AMU
,,0,2016-07-05T09:50:51.974Z,2021-10-05T09:50:51.973Z,2016-08-17T21:01:39Z,4.214,Ch002_accrest_g,AMU
,,0,2016-07-05T09:50:51.974Z,2021-10-05T09:50:51.973Z,2016-08-17T21:01:43Z,4.441,Ch002_accrest_g,AMU
,,0,2016-07-05T09:50:51.974Z,2021-10-05T09:50:51.973Z,2016-08-17T21:01:45Z,4.789,Ch002_accrest_g,AMU
,,0,2016-07-05T09:50:51.974Z,2021-10-05T09:50:51.973Z,2016-08-17T21:01:47Z,5.678,Ch002_accrest_g,AMU
,,0,2016-07-05T09:50:51.974Z,2021-10-05T09:50:51.973Z,2016-08-17T21:01:49Z,4.381,Ch002_accrest_g,AMU
,,0,2016-07-05T09:50:51.974Z,2021-10-05T09:50:51.973Z,2016-08-17T21:01:51Z,4.196,Ch002_accrest_g,AMU
,,0,2016-07-05T09:50:51.974Z,2021-10-05T09:50:51.973Z,2016-08-17T21:01:53Z,5.858,Ch002_accrest_g,AMU
,,0,2016-07-05T09:50:51.974Z,2021-10-05T09:50:51.973Z,2016-08-17T21:01:55Z,5.374,Ch002_accrest_g,AMU
,,0,2016-07-05T09:50:51.974Z,2021-10-05T09:50:51.973Z,2016-08-17T21:01:57Z,5.521,Ch002_accrest_g,AMU
,,0,2016-07-05T09:50:51.974Z,2021-10-05T09:50:51.973Z,2016-08-17T21:01:59Z,6.306,Ch002_accrest_g,AMU
,,0,2016-07-05T09:50:51.974Z,2021-10-05T09:50:51.973Z,2016-08-17T21:02:01Z,4.432,Ch002_accrest_g,AMU
,,0,2016-07-05T09:50:51.974Z,2021-10-05T09:50:51.973Z,2016-08-17T21:02:03Z,5.071,Ch002_accrest_g,AMU
,,0,2016-07-05T09:50:51.974Z,2021-10-05T09:50:51.973Z,2016-08-17T21:02:05Z,4.849,Ch002_accrest_g,AMU
,,0,2016-07-05T09:50:51.974Z,2021-10-05T09:50:51.973Z,2016-08-17T21:02:07Z,4.707,Ch002_accrest_g,AMU
,,0,2016-07-05T09:50:51.974Z,2021-10-05T09:50:51.973Z,2016-08-17T21:02:09Z,4.554,Ch002_accrest_g,AMU
,,0,2016-07-05T09:50:51.974Z,2021-10-05T09:50:51.973Z,2016-08-17T21:02:11Z,4.833,Ch002_accrest_g,AMU
,,0,2016-07-05T09:50:51.974Z,2021-10-05T09:50:51.973Z,2016-08-17T21:02:13Z,4.625,Ch002_accrest_g,AMU
,,0,2016-07-05T09:50:51.974Z,2021-10-05T09:50:51.973Z,2016-08-17T21:02:17Z,5.014,Ch002_accrest_g,AMU
,,0,2016-07-05T09:50:51.974Z,2021-10-05T09:50:51.973Z,2016-08-17T21:02:19Z,4.594,Ch002_accrest_g,AMU
,,0,2016-07-05T09:50:51.974Z,2021-10-05T09:50:51.973Z,2016-08-17T21:02:21Z,4.326,Ch002_accrest_g,AMU
,,0,2016-07-05T09:50:51.974Z,2021-10-05T09:50:51.973Z,2016-08-17T21:02:23Z,4.559,Ch002_accrest_g,AMU
,,0,2016-07-05T09:50:51.974Z,2021-10-05T09:50:51.973Z,2016-08-17T21:02:25Z,4.834,Ch002_accrest_g,AMU
,,0,2016-07-05T09:50:51.974Z,2021-10-05T09:50:51.973Z,2016-08-17T21:02:27Z,4.41,Ch002_accrest_g,AMU
,,0,2016-07-05T09:50:51.974Z,2021-10-05T09:50:51.973Z,2016-08-17T21:02:29Z,4.431,Ch002_accrest_g,AMU
,,0,2016-07-05T09:50:51.974Z,2021-10-05T09:50:51.973Z,2016-08-17T21:02:31Z,4.987,Ch002_accrest_g,AMU
,,0,2016-07-05T09:50:51.974Z,2021-10-05T09:50:51.973Z,2016-08-17T21:02:33Z,4.463,Ch002_accrest_g,AMU
,,0,2016-07-05T09:50:51.974Z,2021-10-05T09:50:51.973Z,2016-08-17T21:02:35Z,4.442,Ch002_accrest_g,AMU
,,0,2016-07-05T09:50:51.974Z,2021-10-05T09:50:51.973Z,2016-08-17T21:02:37Z,4.558,Ch002_accrest_g,AMU
,,0,2016-07-05T09:50:51.974Z,2021-10-05T09:50:51.973Z,2016-08-17T21:02:39Z,186.752,Ch002_accrest_g,AMU
,,0,2016-07-05T09:50:51.974Z,2021-10-05T09:50:51.973Z,2016-08-17T21:02:41Z,4.454,Ch002_accrest_g,AMU
,,0,2016-07-05T09:50:51.974Z,2021-10-05T09:50:51.973Z,2016-08-17T21:02:43Z,4.178,Ch002_accrest_g,AMU
,,0,2016-07-05T09:50:51.974Z,2021-10-05T09:50:51.973Z,2016-08-17T21:02:45Z,4.205,Ch002_accrest_g,AMU
,,0,2016-07-05T09:50:51.974Z,2021-10-05T09:50:51.973Z,2016-08-17T21:02:47Z,4.086,Ch002_accrest_g,AMU
,,0,2016-07-05T09:50:51.974Z,2021-10-05T09:50:51.973Z,2016-08-17T21:02:49Z,4.54,Ch002_accrest_g,AMU
,,0,2016-07-05T09:50:51.974Z,2021-10-05T09:50:51.973Z,2016-08-17T21:02:51Z,4.091,Ch002_accrest_g,AMU
,,0,2016-07-05T09:50:51.974Z,2021-10-05T09:50:51.973Z,2016-08-17T21:02:53Z,4.161,Ch002_accrest_g,AMU
,,0,2016-07-05T09:50:51.974Z,2021-10-05T09:50:51.973Z,2016-08-17T21:02:55Z,5.434,Ch002_accrest_g,AMU
,,0,2016-07-05T09:50:51.974Z,2021-10-05T09:50:51.973Z,2016-08-17T21:02:57Z,6.007,Ch002_accrest_g,AMU
,,0,2016-07-05T09:50:51.974Z,2021-10-05T09:50:51.973Z,2016-08-17T21:02:59Z,5.38,Ch002_accrest_g,AMU
,,0,2016-07-05T09:50:51.974Z,2021-10-05T09:50:51.973Z,2016-08-17T21:03:01Z,4.409,Ch002_accrest_g,AMU
,,0,2016-07-05T09:50:51.974Z,2021-10-05T09:50:51.973Z,2016-08-17T21:03:03Z,4.186,Ch002_accrest_g,AMU
,,0,2016-07-05T09:50:51.974Z,2021-10-05T09:50:51.973Z,2016-08-17T21:03:05Z,4.268,Ch002_accrest_g,AMU
,,0,2016-07-05T09:50:51.974Z,2021-10-05T09:50:51.973Z,2016-08-17T21:03:09Z,4.061,Ch002_accrest_g,AMU
,,0,2016-07-05T09:50:51.974Z,2021-10-05T09:50:51.973Z,2016-08-17T21:03:11Z,4.401,Ch002_accrest_g,AMU
,,0,2016-07-05T09:50:51.974Z,2021-10-05T09:50:51.973Z,2016-08-17T21:03:15Z,4.122,Ch002_accrest_g,AMU
,,0,2016-07-05T09:50:51.974Z,2021-10-05T09:50:51.973Z,2016-08-17T21:03:17Z,4.305,Ch002_accrest_g,AMU
,,0,2016-07-05T09:50:51.974Z,2021-10-05T09:50:51.973Z,2016-08-17T21:03:19Z,4.258,Ch002_accrest_g,AMU
,,0,2016-07-05T09:50:51.974Z,2021-10-05T09:50:51.973Z,2016-08-17T21:03:23Z,4.405,Ch002_accrest_g,AMU
,,0,2016-07-05T09:50:51.974Z,2021-10-05T09:50:51.973Z,2016-08-17T21:03:25Z,4.138,Ch002_accrest_g,AMU
,,0,2016-07-05T09:50:51.974Z,2021-10-05T09:50:51.973Z,2016-08-17T21:03:29Z,4.254,Ch002_accrest_g,AMU
,,0,2016-07-05T09:50:51.974Z,2021-10-05T09:50:51.973Z,2016-08-17T21:03:31Z,3.993,Ch002_accrest_g,AMU
,,0,2016-07-05T09:50:51.974Z,2021-10-05T09:50:51.973Z,2016-08-17T21:03:33Z,4.373,Ch002_accrest_g,AMU
,,0,2016-07-05T09:50:51.974Z,2021-10-05T09:50:51.973Z,2016-08-17T21:03:35Z,4.622,Ch002_accrest_g,AMU
,,0,2016-07-05T09:50:51.974Z,2021-10-05T09:50:51.973Z,2016-08-17T21:03:37Z,4.24,Ch002_accrest_g,AMU
,,0,2016-07-05T09:50:51.974Z,2021-10-05T09:50:51.973Z,2016-08-17T21:03:39Z,4.455,Ch002_accrest_g,AMU
,,0,2016-07-05T09:50:51.974Z,2021-10-05T09:50:51.973Z,2016-08-17T21:03:41Z,4.146,Ch002_accrest_g,AMU
,,0,2016-07-05T09:50:51.974Z,2021-10-05T09:50:51.973Z,2016-08-17T21:03:43Z,4.698,Ch002_accrest_g,AMU
,,0,2016-07-05T09:50:51.974Z,2021-10-05T09:50:51.973Z,2016-08-17T21:03:45Z,4.261,Ch002_accrest_g,AMU
,,0,2016-07-05T09:50:51.974Z,2021-10-05T09:50:51.973Z,2016-08-17T21:03:47Z,4.716,Ch002_accrest_g,AMU
,,0,2016-07-05T09:50:51.974Z,2021-10-05T09:50:51.973Z,2016-08-17T21:03:49Z,5.545,Ch002_accrest_g,AMU
,,0,2016-07-05T09:50:51.974Z,2021-10-05T09:50:51.973Z,2016-08-17T21:03:51Z,4.804,Ch002_accrest_g,AMU
,,0,2016-07-05T09:50:51.974Z,2021-10-05T09:50:51.973Z,2016-08-17T21:03:53Z,5.366,Ch002_accrest_g,AMU
,,0,2016-07-05T09:50:51.974Z,2021-10-05T09:50:51.973Z,2016-08-17T21:03:55Z,4.544,Ch002_accrest_g,AMU
,,0,2016-07-05T09:50:51.974Z,2021-10-05T09:50:51.973Z,2016-08-17T21:03:57Z,4.436,Ch002_accrest_g,AMU
,,0,2016-07-05T09:50:51.974Z,2021-10-05T09:50:51.973Z,2016-08-17T21:03:59Z,4.47,Ch002_accrest_g,AMU
,,0,2016-07-05T09:50:51.974Z,2021-10-05T09:50:51.973Z,2016-08-17T21:04:01Z,4.46,Ch002_accrest_g,AMU
,,0,2016-07-05T09:50:51.974Z,2021-10-05T09:50:51.973Z,2016-08-17T21:04:03Z,4.36,Ch002_accrest_g,AMU
,,0,2016-07-05T09:50:51.974Z,2021-10-05T09:50:51.973Z,2016-08-17T21:04:05Z,4.664,Ch002_accrest_g,AMU
,,0,2016-07-05T09:50:51.974Z,2021-10-05T09:50:51.973Z,2016-08-17T21:04:07Z,4.94,Ch002_accrest_g,AMU
,,0,2016-07-05T09:50:51.974Z,2021-10-05T09:50:51.973Z,2016-08-17T21:04:09Z,5.062,Ch002_accrest_g,AMU
,,0,2016-07-05T09:50:51.974Z,2021-10-05T09:50:51.973Z,2016-08-17T21:04:11Z,4.42,Ch002_accrest_g,AMU
,,0,2016-07-05T09:50:51.974Z,2021-10-05T09:50:51.973Z,2016-08-17T21:04:13Z,4.641,Ch002_accrest_g,AMU
,,0,2016-07-05T09:50:51.974Z,2021-10-05T09:50:51.973Z,2016-08-17T21:04:15Z,4.383,Ch002_accrest_g,AMU
,,0,2016-07-05T09:50:51.974Z,2021-10-05T09:50:51.973Z,2016-08-17T21:04:19Z,4.892,Ch002_accrest_g,AMU
,,0,2016-07-05T09:50:51.974Z,2021-10-05T09:50:51.973Z,2016-08-17T21:04:23Z,4.505,Ch002_accrest_g,AMU
,,0,2016-07-05T09:50:51.974Z,2021-10-05T09:50:51.973Z,2016-08-17T21:04:25Z,4.735,Ch002_accrest_g,AMU
,,0,2016-07-05T09:50:51.974Z,2021-10-05T09:50:51.973Z,2016-08-17T21:04:27Z,4.734,Ch002_accrest_g,AMU
,,0,2016-07-05T09:50:51.974Z,2021-10-05T09:50:51.973Z,2016-08-17T21:04:29Z,4.756,Ch002_accrest_g,AMU
,,0,2016-07-05T09:50:51.974Z,2021-10-05T09:50:51.973Z,2016-08-17T21:04:31Z,4.568,Ch002_accrest_g,AMU
,,0,2016-07-05T09:50:51.974Z,2021-10-05T09:50:51.973Z,2016-08-17T21:04:33Z,4.784,Ch002_accrest_g,AMU
,,0,2016-07-05T09:50:51.974Z,2021-10-05T09:50:51.973Z,2016-08-17T21:04:35Z,4.912,Ch002_accrest_g,AMU
,,0,2016-07-05T09:50:51.974Z,2021-10-05T09:50:51.973Z,2016-08-17T21:04:37Z,4.941,Ch002_accrest_g,AMU
,,0,2016-07-05T09:50:51.974Z,2021-10-05T09:50:51.973Z,2016-08-17T21:04:39Z,4.614,Ch002_accrest_g,AMU
,,0,2016-07-05T09:50:51.974Z,2021-10-05T09:50:51.973Z,2016-08-17T21:04:41Z,5.015,Ch002_accrest_g,AMU
,,0,2016-07-05T09:50:51.974Z,2021-10-05T09:50:51.973Z,2016-08-17T21:04:43Z,5.083,Ch002_accrest_g,AMU
,,0,2016-07-05T09:50:51.974Z,2021-10-05T09:50:51.973Z,2016-08-17T21:04:45Z,4.899,Ch002_accrest_g,AMU
,,0,2016-07-05T09:50:51.974Z,2021-10-05T09:50:51.973Z,2016-08-17T21:04:49Z,4.282,Ch002_accrest_g,AMU
,,0,2016-07-05T09:50:51.974Z,2021-10-05T09:50:51.973Z,2016-08-17T21:04:51Z,4.435,Ch002_accrest_g,AMU
,,0,2016-07-05T09:50:51.974Z,2021-10-05T09:50:51.973Z,2016-08-17T21:04:53Z,5.097,Ch002_accrest_g,AMU
,,0,2016-07-05T09:50:51.974Z,2021-10-05T09:50:51.973Z,2016-08-17T21:04:55Z,4.379,Ch002_accrest_g,AMU
,,0,2016-07-05T09:50:51.974Z,2021-10-05T09:50:51.973Z,2016-08-17T21:04:57Z,4.297,Ch002_accrest_g,AMU
,,0,2016-07-05T09:50:51.974Z,2021-10-05T09:50:51.973Z,2016-08-17T21:04:59Z,4.629,Ch002_accrest_g,AMU
,,0,2016-07-05T09:50:51.974Z,2021-10-05T09:50:51.973Z,2016-08-17T21:05:01Z,4.551,Ch002_accrest_g,AMU
,,0,2016-07-05T09:50:51.974Z,2021-10-05T09:50:51.973Z,2016-08-17T21:05:03Z,4.725,Ch002_accrest_g,AMU
,,0,2016-07-05T09:50:51.974Z,2021-10-05T09:50:51.973Z,2016-08-17T21:05:05Z,4.752,Ch002_accrest_g,AMU
,,0,2016-07-05T09:50:51.974Z,2021-10-05T09:50:51.973Z,2016-08-17T21:05:07Z,4.936,Ch002_accrest_g,AMU
,,0,2016-07-05T09:50:51.974Z,2021-10-05T09:50:51.973Z,2016-08-17T21:05:09Z,4.374,Ch002_accrest_g,AMU
,,0,2016-07-05T09:50:51.974Z,2021-10-05T09:50:51.973Z,2016-08-17T21:05:11Z,4.349,Ch002_accrest_g,AMU
,,0,2016-07-05T09:50:51.974Z,2021-10-05T09:50:51.973Z,2016-08-17T21:05:13Z,4.445,Ch002_accrest_g,AMU
,,0,2016-07-05T09:50:51.974Z,2021-10-05T09:50:51.973Z,2016-08-17T21:05:17Z,4.703,Ch002_accrest_g,AMU
,,0,2016-07-05T09:50:51.974Z,2021-10-05T09:50:51.973Z,2016-08-17T21:05:19Z,4.968,Ch002_accrest_g,AMU
,,0,2016-07-05T09:50:51.974Z,2021-10-05T09:50:51.973Z,2016-08-17T21:05:21Z,4.369,Ch002_accrest_g,AMU
,,0,2016-07-05T09:50:51.974Z,2021-10-05T09:50:51.973Z,2016-08-17T21:05:23Z,4.283,Ch002_accrest_g,AMU
,,0,2016-07-05T09:50:51.974Z,2021-10-05T09:50:51.973Z,2016-08-17T21:05:25Z,4.597,Ch002_accrest_g,AMU
,,0,2016-07-05T09:50:51.974Z,2021-10-05T09:50:51.973Z,2016-08-17T21:05:27Z,4.359,Ch002_accrest_g,AMU
,,0,2016-07-05T09:50:51.974Z,2021-10-05T09:50:51.973Z,2016-08-17T21:05:29Z,4.543,Ch002_accrest_g,AMU
,,0,2016-07-05T09:50:51.974Z,2021-10-05T09:50:51.973Z,2016-08-17T21:05:31Z,4.842,Ch002_accrest_g,AMU
,,0,2016-07-05T09:50:51.974Z,2021-10-05T09:50:51.973Z,2016-08-17T21:05:35Z,5.038,Ch002_accrest_g,AMU
,,0,2016-07-05T09:50:51.974Z,2021-10-05T09:50:51.973Z,2016-08-17T21:05:37Z,4.343,Ch002_accrest_g,AMU
,,0,2016-07-05T09:50:51.974Z,2021-10-05T09:50:51.973Z,2016-08-17T21:05:39Z,4.516,Ch002_accrest_g,AMU
,,0,2016-07-05T09:50:51.974Z,2021-10-05T09:50:51.973Z,2016-08-17T21:05:41Z,4.348,Ch002_accrest_g,AMU
,,0,2016-07-05T09:50:51.974Z,2021-10-05T09:50:51.973Z,2016-08-17T21:05:43Z,4.64,Ch002_accrest_g,AMU
,,0,2016-07-05T09:50:51.974Z,2021-10-05T09:50:51.973Z,2016-08-17T21:05:45Z,4.838,Ch002_accrest_g,AMU
,,0,2016-07-05T09:50:51.974Z,2021-10-05T09:50:51.973Z,2016-08-17T21:05:47Z,4.602,Ch002_accrest_g,AMU
,,0,2016-07-05T09:50:51.974Z,2021-10-05T09:50:51.973Z,2016-08-17T21:05:49Z,6.129,Ch002_accrest_g,AMU
,,0,2016-07-05T09:50:51.974Z,2021-10-05T09:50:51.973Z,2016-08-17T21:05:51Z,4.918,Ch002_accrest_g,AMU
,,0,2016-07-05T09:50:51.974Z,2021-10-05T09:50:51.973Z,2016-08-17T21:05:53Z,6.804,Ch002_accrest_g,AMU
,,0,2016-07-05T09:50:51.974Z,2021-10-05T09:50:51.973Z,2016-08-17T21:05:55Z,7.948,Ch002_accrest_g,AMU
,,0,2016-07-05T09:50:51.974Z,2021-10-05T09:50:51.973Z,2016-08-17T21:05:57Z,4.711,Ch002_accrest_g,AMU
,,0,2016-07-05T09:50:51.974Z,2021-10-05T09:50:51.973Z,2016-08-17T21:05:59Z,5.527,Ch002_accrest_g,AMU
,,0,2016-07-05T09:50:51.974Z,2021-10-05T09:50:51.973Z,2016-08-17T21:06:01Z,4.524,Ch002_accrest_g,AMU
,,0,2016-07-05T09:50:51.974Z,2021-10-05T09:50:51.973Z,2016-08-17T21:06:03Z,5.29,Ch002_accrest_g,AMU
,,0,2016-07-05T09:50:51.974Z,2021-10-05T09:50:51.973Z,2016-08-17T21:06:05Z,4.578,Ch002_accrest_g,AMU
,,0,2016-07-05T09:50:51.974Z,2021-10-05T09:50:51.973Z,2016-08-17T21:06:07Z,5.065,Ch002_accrest_g,AMU
,,0,2016-07-05T09:50:51.974Z,2021-10-05T09:50:51.973Z,2016-08-17T21:06:09Z,4.76,Ch002_accrest_g,AMU
,,0,2016-07-05T09:50:51.974Z,2021-10-05T09:50:51.973Z,2016-08-17T21:06:11Z,4.183,Ch002_accrest_g,AMU
,,0,2016-07-05T09:50:51.974Z,2021-10-05T09:50:51.973Z,2016-08-17T21:06:13Z,4.715,Ch002_accrest_g,AMU
,,0,2016-07-05T09:50:51.974Z,2021-10-05T09:50:51.973Z,2016-08-17T21:06:15Z,5.017,Ch002_accrest_g,AMU
,,0,2016-07-05T09:50:51.974Z,2021-10-05T09:50:51.973Z,2016-08-17T21:06:17Z,4.556,Ch002_accrest_g,AMU
,,0,2016-07-05T09:50:51.974Z,2021-10-05T09:50:51.973Z,2016-08-17T21:06:21Z,4.415,Ch002_accrest_g,AMU
,,0,2016-07-05T09:50:51.974Z,2021-10-05T09:50:51.973Z,2016-08-17T21:06:23Z,5.056,Ch002_accrest_g,AMU
,,0,2016-07-05T09:50:51.974Z,2021-10-05T09:50:51.973Z,2016-08-17T21:06:25Z,4.422,Ch002_accrest_g,AMU
,,0,2016-07-05T09:50:51.974Z,2021-10-05T09:50:51.973Z,2016-08-17T21:06:27Z,4.755,Ch002_accrest_g,AMU
,,0,2016-07-05T09:50:51.974Z,2021-10-05T09:50:51.973Z,2016-08-17T21:06:29Z,4.548,Ch002_accrest_g,AMU
,,0,2016-07-05T09:50:51.974Z,2021-10-05T09:50:51.973Z,2016-08-17T21:06:31Z,4.569,Ch002_accrest_g,AMU
,,0,2016-07-05T09:50:51.974Z,2021-10-05T09:50:51.973Z,2016-08-17T21:06:33Z,5.178,Ch002_accrest_g,AMU
,,0,2016-07-05T09:50:51.974Z,2021-10-05T09:50:51.973Z,2016-08-17T21:06:35Z,4.829,Ch002_accrest_g,AMU
,,0,2016-07-05T09:50:51.974Z,2021-10-05T09:50:51.973Z,2016-08-17T21:06:39Z,4.546,Ch002_accrest_g,AMU
,,0,2016-07-05T09:50:51.974Z,2021-10-05T09:50:51.973Z,2016-08-17T21:06:41Z,4.459,Ch002_accrest_g,AMU
,,0,2016-07-05T09:50:51.974Z,2021-10-05T09:50:51.973Z,2016-08-17T21:06:45Z,4.242,Ch002_accrest_g,AMU
,,0,2016-07-05T09:50:51.974Z,2021-10-05T09:50:51.973Z,2016-08-17T21:06:47Z,4.632,Ch002_accrest_g,AMU
,,0,2016-07-05T09:50:51.974Z,2021-10-05T09:50:51.973Z,2016-08-17T21:06:49Z,4.913,Ch002_accrest_g,AMU
,,0,2016-07-05T09:50:51.974Z,2021-10-05T09:50:51.973Z,2016-08-17T21:06:53Z,4.521,Ch002_accrest_g,AMU
,,0,2016-07-05T09:50:51.974Z,2021-10-05T09:50:51.973Z,2016-08-17T21:06:55Z,4.289,Ch002_accrest_g,AMU
,,0,2016-07-05T09:50:51.974Z,2021-10-05T09:50:51.973Z,2016-08-17T21:06:59Z,4.231,Ch002_accrest_g,AMU
,,0,2016-07-05T09:50:51.974Z,2021-10-05T09:50:51.973Z,2016-08-17T21:07:01Z,4.547,Ch002_accrest_g,AMU
,,0,2016-07-05T09:50:51.974Z,2021-10-05T09:50:51.973Z,2016-08-17T21:07:05Z,5.247,Ch002_accrest_g,AMU
,,0,2016-07-05T09:50:51.974Z,2021-10-05T09:50:51.973Z,2016-08-17T21:07:09Z,4.649,Ch002_accrest_g,AMU
,,0,2016-07-05T09:50:51.974Z,2021-10-05T09:50:51.973Z,2016-08-17T21:07:11Z,4.512,Ch002_accrest_g,AMU
,,0,2016-07-05T09:50:51.974Z,2021-10-05T09:50:51.973Z,2016-08-17T21:07:13Z,4.746,Ch002_accrest_g,AMU
,,0,2016-07-05T09:50:51.974Z,2021-10-05T09:50:51.973Z,2016-08-17T21:07:15Z,4.754,Ch002_accrest_g,AMU
,,0,2016-07-05T09:50:51.974Z,2021-10-05T09:50:51.973Z,2016-08-17T21:07:19Z,4.351,Ch002_accrest_g,AMU
,,0,2016-07-05T09:50:51.974Z,2021-10-05T09:50:51.973Z,2016-08-17T21:07:21Z,4.998,Ch002_accrest_g,AMU
,,0,2016-07-05T09:50:51.974Z,2021-10-05T09:50:51.973Z,2016-08-17T21:07:23Z,4.57,Ch002_accrest_g,AMU
,,0,2016-07-05T09:50:51.974Z,2021-10-05T09:50:51.973Z,2016-08-17T21:07:25Z,4.596,Ch002_accrest_g,AMU
,,0,2016-07-05T09:50:51.974Z,2021-10-05T09:50:51.973Z,2016-08-17T21:07:27Z,4.523,Ch002_accrest_g,AMU
,,0,2016-07-05T09:50:51.974Z,2021-10-05T09:50:51.973Z,2016-08-17T21:07:31Z,4.366,Ch002_accrest_g,AMU
,,0,2016-07-05T09:50:51.974Z,2021-10-05T09:50:51.973Z,2016-08-17T21:07:33Z,4.153,Ch002_accrest_g,AMU
,,0,2016-07-05T09:50:51.974Z,2021-10-05T09:50:51.973Z,2016-08-17T21:07:35Z,4.761,Ch002_accrest_g,AMU
,,0,2016-07-05T09:50:51.974Z,2021-10-05T09:50:51.973Z,2016-08-17T21:07:37Z,4.599,Ch002_accrest_g,AMU
,,0,2016-07-05T09:50:51.974Z,2021-10-05T09:50:51.973Z,2016-08-17T21:07:39Z,4.669,Ch002_accrest_g,AMU
,,0,2016-07-05T09:50:51.974Z,2021-10-05T09:50:51.973Z,2016-08-17T21:07:41Z,4.691,Ch002_accrest_g,AMU
,,0,2016-07-05T09:50:51.974Z,2021-10-05T09:50:51.973Z,2016-08-17T21:07:43Z,4.421,Ch002_accrest_g,AMU
,,0,2016-07-05T09:50:51.974Z,2021-10-05T09:50:51.973Z,2016-08-17T21:07:47Z,4.328,Ch002_accrest_g,AMU
,,0,2016-07-05T09:50:51.974Z,2021-10-05T09:50:51.973Z,2016-08-17T21:07:49Z,5,Ch002_accrest_g,AMU
,,0,2016-07-05T09:50:51.974Z,2021-10-05T09:50:51.973Z,2016-08-17T21:07:51Z,4.696,Ch002_accrest_g,AMU
,,0,2016-07-05T09:50:51.974Z,2021-10-05T09:50:51.973Z,2016-08-17T21:07:53Z,5.221,Ch002_accrest_g,AMU
,,0,2016-07-05T09:50:51.974Z,2021-10-05T09:50:51.973Z,2016-08-17T21:07:55Z,4.769,Ch002_accrest_g,AMU
,,0,2016-07-05T09:50:51.974Z,2021-10-05T09:50:51.973Z,2016-08-17T21:07:57Z,5.571,Ch002_accrest_g,AMU
,,0,2016-07-05T09:50:51.974Z,2021-10-05T09:50:51.973Z,2016-08-17T21:07:59Z,4.427,Ch002_accrest_g,AMU
,,0,2016-07-05T09:50:51.974Z,2021-10-05T09:50:51.973Z,2016-08-17T21:08:01Z,4.317,Ch002_accrest_g,AMU
,,0,2016-07-05T09:50:51.974Z,2021-10-05T09:50:51.973Z,2016-08-17T21:08:03Z,4.187,Ch002_accrest_g,AMU
,,0,2016-07-05T09:50:51.974Z,2021-10-05T09:50:51.973Z,2016-08-17T21:08:05Z,4.932,Ch002_accrest_g,AMU
,,0,2016-07-05T09:50:51.974Z,2021-10-05T09:50:51.973Z,2016-08-17T21:08:07Z,4.742,Ch002_accrest_g,AMU
,,0,2016-07-05T09:50:51.974Z,2021-10-05T09:50:51.973Z,2016-08-17T21:08:09Z,4.879,Ch002_accrest_g,AMU
,,0,2016-07-05T09:50:51.974Z,2021-10-05T09:50:51.973Z,2016-08-17T21:08:13Z,4.888,Ch002_accrest_g,AMU
,,0,2016-07-05T09:50:51.974Z,2021-10-05T09:50:51.973Z,2016-08-17T21:08:15Z,4.334,Ch002_accrest_g,AMU
,,0,2016-07-05T09:50:51.974Z,2021-10-05T09:50:51.973Z,2016-08-17T21:08:21Z,4.43,Ch002_accrest_g,AMU
,,0,2016-07-05T09:50:51.974Z,2021-10-05T09:50:51.973Z,2016-08-17T21:08:23Z,5.102,Ch002_accrest_g,AMU
,,0,2016-07-05T09:50:51.974Z,2021-10-05T09:50:51.973Z,2016-08-17T21:08:25Z,5.037,Ch002_accrest_g,AMU
,,0,2016-07-05T09:50:51.974Z,2021-10-05T09:50:51.973Z,2016-08-17T21:08:27Z,4.423,Ch002_accrest_g,AMU
,,0,2016-07-05T09:50:51.974Z,2021-10-05T09:50:51.973Z,2016-08-17T21:08:29Z,4.562,Ch002_accrest_g,AMU
,,0,2016-07-05T09:50:51.974Z,2021-10-05T09:50:51.973Z,2016-08-17T21:08:31Z,4.615,Ch002_accrest_g,AMU
,,0,2016-07-05T09:50:51.974Z,2021-10-05T09:50:51.973Z,2016-08-17T21:08:33Z,5.181,Ch002_accrest_g,AMU
,,0,2016-07-05T09:50:51.974Z,2021-10-05T09:50:51.973Z,2016-08-17T21:08:35Z,4.425,Ch002_accrest_g,AMU
,,0,2016-07-05T09:50:51.974Z,2021-10-05T09:50:51.973Z,2016-08-17T21:08:37Z,4.639,Ch002_accrest_g,AMU
,,0,2016-07-05T09:50:51.974Z,2021-10-05T09:50:51.973Z,2016-08-17T21:08:39Z,4.854,Ch002_accrest_g,AMU
,,0,2016-07-05T09:50:51.974Z,2021-10-05T09:50:51.973Z,2016-08-17T21:08:41Z,4.791,Ch002_accrest_g,AMU
,,0,2016-07-05T09:50:51.974Z,2021-10-05T09:50:51.973Z,2016-08-17T21:08:43Z,4.209,Ch002_accrest_g,AMU
,,0,2016-07-05T09:50:51.974Z,2021-10-05T09:50:51.973Z,2016-08-17T21:08:45Z,4.684,Ch002_accrest_g,AMU
,,0,2016-07-05T09:50:51.974Z,2021-10-05T09:50:51.973Z,2016-08-17T21:08:47Z,4.199,Ch002_accrest_g,AMU
,,0,2016-07-05T09:50:51.974Z,2021-10-05T09:50:51.973Z,2016-08-17T21:08:49Z,4.722,Ch002_accrest_g,AMU
,,0,2016-07-05T09:50:51.974Z,2021-10-05T09:50:51.973Z,2016-08-17T21:08:51Z,4.526,Ch002_accrest_g,AMU
,,0,2016-07-05T09:50:51.974Z,2021-10-05T09:50:51.973Z,2016-08-17T21:08:53Z,4.93,Ch002_accrest_g,AMU
,,0,2016-07-05T09:50:51.974Z,2021-10-05T09:50:51.973Z,2016-08-17T21:08:55Z,5.539,Ch002_accrest_g,AMU
,,0,2016-07-05T09:50:51.974Z,2021-10-05T09:50:51.973Z,2016-08-17T21:08:57Z,4.749,Ch002_accrest_g,AMU
,,0,2016-07-05T09:50:51.974Z,2021-10-05T09:50:51.973Z,2016-08-17T21:08:59Z,4.894,Ch002_accrest_g,AMU
,,0,2016-07-05T09:50:51.974Z,2021-10-05T09:50:51.973Z,2016-08-17T21:09:01Z,4.452,Ch002_accrest_g,AMU
,,0,2016-07-05T09:50:51.974Z,2021-10-05T09:50:51.973Z,2016-08-17T21:09:05Z,4.991,Ch002_accrest_g,AMU
,,0,2016-07-05T09:50:51.974Z,2021-10-05T09:50:51.973Z,2016-08-17T21:09:07Z,4.527,Ch002_accrest_g,AMU
,,0,2016-07-05T09:50:51.974Z,2021-10-05T09:50:51.973Z,2016-08-17T21:09:09Z,4.651,Ch002_accrest_g,AMU
,,0,2016-07-05T09:50:51.974Z,2021-10-05T09:50:51.973Z,2016-08-17T21:09:11Z,4.636,Ch002_accrest_g,AMU
,,0,2016-07-05T09:50:51.974Z,2021-10-05T09:50:51.973Z,2016-08-17T21:09:15Z,4.464,Ch002_accrest_g,AMU
,,0,2016-07-05T09:50:51.974Z,2021-10-05T09:50:51.973Z,2016-08-17T21:09:17Z,4.253,Ch002_accrest_g,AMU
,,0,2016-07-05T09:50:51.974Z,2021-10-05T09:50:51.973Z,2016-08-17T21:09:19Z,4.089,Ch002_accrest_g,AMU
,,0,2016-07-05T09:50:51.974Z,2021-10-05T09:50:51.973Z,2016-08-17T21:09:23Z,4.889,Ch002_accrest_g,AMU
,,0,2016-07-05T09:50:51.974Z,2021-10-05T09:50:51.973Z,2016-08-17T21:09:25Z,4.736,Ch002_accrest_g,AMU
,,0,2016-07-05T09:50:51.974Z,2021-10-05T09:50:51.973Z,2016-08-17T21:09:27Z,4.959,Ch002_accrest_g,AMU
,,0,2016-07-05T09:50:51.974Z,2021-10-05T09:50:51.973Z,2016-08-17T21:09:29Z,4.542,Ch002_accrest_g,AMU
,,0,2016-07-05T09:50:51.974Z,2021-10-05T09:50:51.973Z,2016-08-17T21:09:31Z,4.488,Ch002_accrest_g,AMU
,,0,2016-07-05T09:50:51.974Z,2021-10-05T09:50:51.973Z,2016-08-17T21:09:33Z,4.835,Ch002_accrest_g,AMU
,,0,2016-07-05T09:50:51.974Z,2021-10-05T09:50:51.973Z,2016-08-17T21:09:35Z,4.666,Ch002_accrest_g,AMU
,,0,2016-07-05T09:50:51.974Z,2021-10-05T09:50:51.973Z,2016-08-17T21:09:37Z,4.589,Ch002_accrest_g,AMU
,,0,2016-07-05T09:50:51.974Z,2021-10-05T09:50:51.973Z,2016-08-17T21:09:39Z,4.303,Ch002_accrest_g,AMU
,,0,2016-07-05T09:50:51.974Z,2021-10-05T09:50:51.973Z,2016-08-17T21:09:41Z,4.096,Ch002_accrest_g,AMU
,,0,2016-07-05T09:50:51.974Z,2021-10-05T09:50:51.973Z,2016-08-17T21:09:43Z,4.616,Ch002_accrest_g,AMU
,,0,2016-07-05T09:50:51.974Z,2021-10-05T09:50:51.973Z,2016-08-17T21:09:45Z,4.443,Ch002_accrest_g,AMU
,,0,2016-07-05T09:50:51.974Z,2021-10-05T09:50:51.973Z,2016-08-17T21:09:49Z,5.05,Ch002_accrest_g,AMU
,,0,2016-07-05T09:50:51.974Z,2021-10-05T09:50:51.973Z,2016-08-17T21:09:59Z,5.057,Ch002_accrest_g,AMU
,,0,2016-07-05T09:50:51.974Z,2021-10-05T09:50:51.973Z,2016-08-17T21:10:01Z,4.345,Ch002_accrest_g,AMU
,,0,2016-07-05T09:50:51.974Z,2021-10-05T09:50:51.973Z,2016-08-17T21:10:03Z,4.787,Ch002_accrest_g,AMU
,,0,2016-07-05T09:50:51.974Z,2021-10-05T09:50:51.973Z,2016-08-17T21:10:05Z,4.566,Ch002_accrest_g,AMU
,,0,2016-07-05T09:50:51.974Z,2021-10-05T09:50:51.973Z,2016-08-17T21:10:07Z,4.905,Ch002_accrest_g,AMU
,,0,2016-07-05T09:50:51.974Z,2021-10-05T09:50:51.973Z,2016-08-17T21:10:09Z,4.644,Ch002_accrest_g,AMU
,,0,2016-07-05T09:50:51.974Z,2021-10-05T09:50:51.973Z,2016-08-17T21:10:11Z,4.816,Ch002_accrest_g,AMU
,,0,2016-07-05T09:50:51.974Z,2021-10-05T09:50:51.973Z,2016-08-17T21:10:13Z,4.635,Ch002_accrest_g,AMU
,,0,2016-07-05T09:50:51.974Z,2021-10-05T09:50:51.973Z,2016-08-17T21:10:15Z,4.513,Ch002_accrest_g,AMU
,,0,2016-07-05T09:50:51.974Z,2021-10-05T09:50:51.973Z,2016-08-17T21:10:17Z,5.182,Ch002_accrest_g,AMU
,,0,2016-07-05T09:50:51.974Z,2021-10-05T09:50:51.973Z,2016-08-17T21:10:21Z,4.745,Ch002_accrest_g,AMU
,,0,2016-07-05T09:50:51.974Z,2021-10-05T09:50:51.973Z,2016-08-17T21:10:29Z,4.934,Ch002_accrest_g,AMU
,,0,2016-07-05T09:50:51.974Z,2021-10-05T09:50:51.973Z,2016-08-17T21:10:35Z,5.783,Ch002_accrest_g,AMU
,,0,2016-07-05T09:50:51.974Z,2021-10-05T09:50:51.973Z,2016-08-17T21:10:37Z,4.657,Ch002_accrest_g,AMU
,,0,2016-07-05T09:50:51.974Z,2021-10-05T09:50:51.973Z,2016-08-17T21:10:43Z,4.878,Ch002_accrest_g,AMU
,,0,2016-07-05T09:50:51.974Z,2021-10-05T09:50:51.973Z,2016-08-17T21:10:45Z,5.308,Ch002_accrest_g,AMU
,,0,2016-07-05T09:50:51.974Z,2021-10-05T09:50:51.973Z,2016-08-17T21:10:47Z,5.382,Ch002_accrest_g,AMU
,,0,2016-07-05T09:50:51.974Z,2021-10-05T09:50:51.973Z,2016-08-17T21:10:49Z,5.544,Ch002_accrest_g,AMU
,,0,2016-07-05T09:50:51.974Z,2021-10-05T09:50:51.973Z,2016-08-17T21:10:53Z,4.485,Ch002_accrest_g,AMU
,,0,2016-07-05T09:50:51.974Z,2021-10-05T09:50:51.973Z,2016-08-17T21:10:57Z,4.577,Ch002_accrest_g,AMU
,,0,2016-07-05T09:50:51.974Z,2021-10-05T09:50:51.973Z,2016-08-17T21:11:01Z,4.794,Ch002_accrest_g,AMU
,,0,2016-07-05T09:50:51.974Z,2021-10-05T09:50:51.973Z,2016-08-17T21:11:03Z,4.802,Ch002_accrest_g,AMU
,,0,2016-07-05T09:50:51.974Z,2021-10-05T09:50:51.973Z,2016-08-17T21:11:05Z,4.919,Ch002_accrest_g,AMU
,,0,2016-07-05T09:50:51.974Z,2021-10-05T09:50:51.973Z,2016-08-17T21:11:07Z,4.808,Ch002_accrest_g,AMU
,,0,2016-07-05T09:50:51.974Z,2021-10-05T09:50:51.973Z,2016-08-17T21:11:09Z,4.501,Ch002_accrest_g,AMU
,,0,2016-07-05T09:50:51.974Z,2021-10-05T09:50:51.973Z,2016-08-17T21:11:11Z,4.844,Ch002_accrest_g,AMU
,,0,2016-07-05T09:50:51.974Z,2021-10-05T09:50:51.973Z,2016-08-17T21:11:13Z,4.371,Ch002_accrest_g,AMU
,,0,2016-07-05T09:50:51.974Z,2021-10-05T09:50:51.973Z,2016-08-17T21:11:17Z,4.714,Ch002_accrest_g,AMU
,,0,2016-07-05T09:50:51.974Z,2021-10-05T09:50:51.973Z,2016-08-17T21:11:19Z,5.324,Ch002_accrest_g,AMU
,,0,2016-07-05T09:50:51.974Z,2021-10-05T09:50:51.973Z,2016-08-17T21:11:21Z,4.419,Ch002_accrest_g,AMU
,,0,2016-07-05T09:50:51.974Z,2021-10-05T09:50:51.973Z,2016-08-17T21:11:25Z,5.005,Ch002_accrest_g,AMU
,,0,2016-07-05T09:50:51.974Z,2021-10-05T09:50:51.973Z,2016-08-17T21:11:27Z,4.541,Ch002_accrest_g,AMU
,,0,2016-07-05T09:50:51.974Z,2021-10-05T09:50:51.973Z,2016-08-17T21:11:29Z,4.529,Ch002_accrest_g,AMU
,,0,2016-07-05T09:50:51.974Z,2021-10-05T09:50:51.973Z,2016-08-17T21:11:31Z,4.656,Ch002_accrest_g,AMU
,,0,2016-07-05T09:50:51.974Z,2021-10-05T09:50:51.973Z,2016-08-17T21:11:33Z,4.574,Ch002_accrest_g,AMU
,,0,2016-07-05T09:50:51.974Z,2021-10-05T09:50:51.973Z,2016-08-17T21:11:35Z,4.95,Ch002_accrest_g,AMU
,,0,2016-07-05T09:50:51.974Z,2021-10-05T09:50:51.973Z,2016-08-17T21:11:37Z,4.873,Ch002_accrest_g,AMU
,,0,2016-07-05T09:50:51.974Z,2021-10-05T09:50:51.973Z,2016-08-17T21:11:39Z,4.553,Ch002_accrest_g,AMU
,,0,2016-07-05T09:50:51.974Z,2021-10-05T09:50:51.973Z,2016-08-17T21:11:41Z,4.515,Ch002_accrest_g,AMU
,,0,2016-07-05T09:50:51.974Z,2021-10-05T09:50:51.973Z,2016-08-17T21:11:43Z,4.5,Ch002_accrest_g,AMU
,,0,2016-07-05T09:50:51.974Z,2021-10-05T09:50:51.973Z,2016-08-17T21:11:45Z,5.08,Ch002_accrest_g,AMU
,,0,2016-07-05T09:50:51.974Z,2021-10-05T09:50:51.973Z,2016-08-17T21:11:47Z,4.867,Ch002_accrest_g,AMU
,,0,2016-07-05T09:50:51.974Z,2021-10-05T09:50:51.973Z,2016-08-17T21:11:51Z,4.507,Ch002_accrest_g,AMU
,,0,2016-07-05T09:50:51.974Z,2021-10-05T09:50:51.973Z,2016-08-17T21:11:57Z,4.365,Ch002_accrest_g,AMU
,,0,2016-07-05T09:50:51.974Z,2021-10-05T09:50:51.973Z,2016-08-17T21:11:59Z,4.767,Ch002_accrest_g,AMU
,,0,2016-07-05T09:50:51.974Z,2021-10-05T09:50:51.973Z,2016-08-17T21:12:03Z,5.032,Ch002_accrest_g,AMU
,,0,2016-07-05T09:50:51.974Z,2021-10-05T09:50:51.973Z,2016-08-17T21:12:11Z,4.606,Ch002_accrest_g,AMU
,,0,2016-07-05T09:50:51.974Z,2021-10-05T09:50:51.973Z,2016-08-17T21:12:13Z,5.419,Ch002_accrest_g,AMU
,,0,2016-07-05T09:50:51.974Z,2021-10-05T09:50:51.973Z,2016-08-17T21:12:15Z,5.086,Ch002_accrest_g,AMU
,,0,2016-07-05T09:50:51.974Z,2021-10-05T09:50:51.973Z,2016-08-17T21:12:19Z,4.327,Ch002_accrest_g,AMU
,,0,2016-07-05T09:50:51.974Z,2021-10-05T09:50:51.973Z,2016-08-17T21:12:21Z,4.361,Ch002_accrest_g,AMU
,,0,2016-07-05T09:50:51.974Z,2021-10-05T09:50:51.973Z,2016-08-17T21:12:23Z,4.979,Ch002_accrest_g,AMU
,,0,2016-07-05T09:50:51.974Z,2021-10-05T09:50:51.973Z,2016-08-17T21:12:25Z,4.865,Ch002_accrest_g,AMU
,,0,2016-07-05T09:50:51.974Z,2021-10-05T09:50:51.973Z,2016-08-17T21:12:27Z,4.943,Ch002_accrest_g,AMU
,,0,2016-07-05T09:50:51.974Z,2021-10-05T09:50:51.973Z,2016-08-17T21:12:29Z,5.034,Ch002_accrest_g,AMU
,,0,2016-07-05T09:50:51.974Z,2021-10-05T09:50:51.973Z,2016-08-17T21:12:33Z,5.141,Ch002_accrest_g,AMU
,,0,2016-07-05T09:50:51.974Z,2021-10-05T09:50:51.973Z,2016-08-17T21:12:35Z,4.378,Ch002_accrest_g,AMU
,,0,2016-07-05T09:50:51.974Z,2021-10-05T09:50:51.973Z,2016-08-17T21:12:37Z,4.647,Ch002_accrest_g,AMU
,,0,2016-07-05T09:50:51.974Z,2021-10-05T09:50:51.973Z,2016-08-17T21:12:39Z,4.245,Ch002_accrest_g,AMU
,,0,2016-07-05T09:50:51.974Z,2021-10-05T09:50:51.973Z,2016-08-17T21:12:43Z,5.046,Ch002_accrest_g,AMU
,,0,2016-07-05T09:50:51.974Z,2021-10-05T09:50:51.973Z,2016-08-17T21:12:45Z,4.482,Ch002_accrest_g,AMU
,,0,2016-07-05T09:50:51.974Z,2021-10-05T09:50:51.973Z,2016-08-17T21:12:47Z,4.975,Ch002_accrest_g,AMU
,,0,2016-07-05T09:50:51.974Z,2021-10-05T09:50:51.973Z,2016-08-17T21:12:49Z,4.522,Ch002_accrest_g,AMU
,,0,2016-07-05T09:50:51.974Z,2021-10-05T09:50:51.973Z,2016-08-17T21:12:51Z,4.896,Ch002_accrest_g,AMU
,,0,2016-07-05T09:50:51.974Z,2021-10-05T09:50:51.973Z,2016-08-17T21:12:55Z,4.537,Ch002_accrest_g,AMU
,,0,2016-07-05T09:50:51.974Z,2021-10-05T09:50:51.973Z,2016-08-17T21:12:57Z,4.564,Ch002_accrest_g,AMU
,,0,2016-07-05T09:50:51.974Z,2021-10-05T09:50:51.973Z,2016-08-17T21:13:01Z,4.508,Ch002_accrest_g,AMU
,,0,2016-07-05T09:50:51.974Z,2021-10-05T09:50:51.973Z,2016-08-17T21:13:03Z,4.571,Ch002_accrest_g,AMU
,,0,2016-07-05T09:50:51.974Z,2021-10-05T09:50:51.973Z,2016-08-17T21:13:05Z,4.481,Ch002_accrest_g,AMU
,,0,2016-07-05T09:50:51.974Z,2021-10-05T09:50:51.973Z,2016-08-17T21:13:07Z,4.973,Ch002_accrest_g,AMU
,,0,2016-07-05T09:50:51.974Z,2021-10-05T09:50:51.973Z,2016-08-17T21:13:09Z,4.424,Ch002_accrest_g,AMU
,,0,2016-07-05T09:50:51.974Z,2021-10-05T09:50:51.973Z,2016-08-17T21:13:11Z,4.386,Ch002_accrest_g,AMU
,,0,2016-07-05T09:50:51.974Z,2021-10-05T09:50:51.973Z,2016-08-17T21:13:13Z,4.561,Ch002_accrest_g,AMU
,,0,2016-07-05T09:50:51.974Z,2021-10-05T09:50:51.973Z,2016-08-17T21:13:15Z,4.595,Ch002_accrest_g,AMU
,,0,2016-07-05T09:50:51.974Z,2021-10-05T09:50:51.973Z,2016-08-17T21:13:19Z,4.822,Ch002_accrest_g,AMU
,,0,2016-07-05T09:50:51.974Z,2021-10-05T09:50:51.973Z,2016-08-17T21:13:21Z,5.184,Ch002_accrest_g,AMU
,,0,2016-07-05T09:50:51.974Z,2021-10-05T09:50:51.973Z,2016-08-17T21:13:23Z,5.012,Ch002_accrest_g,AMU
,,0,2016-07-05T09:50:51.974Z,2021-10-05T09:50:51.973Z,2016-08-17T21:13:25Z,6.426,Ch002_accrest_g,AMU
,,0,2016-07-05T09:50:51.974Z,2021-10-05T09:50:51.973Z,2016-08-17T21:13:29Z,4.92,Ch002_accrest_g,AMU
,,0,2016-07-05T09:50:51.974Z,2021-10-05T09:50:51.973Z,2016-08-17T21:13:31Z,4.633,Ch002_accrest_g,AMU
,,0,2016-07-05T09:50:51.974Z,2021-10-05T09:50:51.973Z,2016-08-17T21:13:37Z,4.678,Ch002_accrest_g,AMU
,,0,2016-07-05T09:50:51.974Z,2021-10-05T09:50:51.973Z,2016-08-17T21:13:39Z,5.187,Ch002_accrest_g,AMU
,,0,2016-07-05T09:50:51.974Z,2021-10-05T09:50:51.973Z,2016-08-17T21:13:41Z,4.457,Ch002_accrest_g,AMU
,,0,2016-07-05T09:50:51.974Z,2021-10-05T09:50:51.973Z,2016-08-17T21:13:45Z,5.505,Ch002_accrest_g,AMU
,,0,2016-07-05T09:50:51.974Z,2021-10-05T09:50:51.973Z,2016-08-17T21:13:47Z,6.149,Ch002_accrest_g,AMU
,,0,2016-07-05T09:50:51.974Z,2021-10-05T09:50:51.973Z,2016-08-17T21:13:49Z,4.325,Ch002_accrest_g,AMU
,,0,2016-07-05T09:50:51.974Z,2021-10-05T09:50:51.973Z,2016-08-17T21:13:55Z,4.68,Ch002_accrest_g,AMU
,,0,2016-07-05T09:50:51.974Z,2021-10-05T09:50:51.973Z,2016-08-17T21:13:57Z,5.225,Ch002_accrest_g,AMU
,,0,2016-07-05T09:50:51.974Z,2021-10-05T09:50:51.973Z,2016-08-17T21:14:01Z,5.028,Ch002_accrest_g,AMU
,,0,2016-07-05T09:50:51.974Z,2021-10-05T09:50:51.973Z,2016-08-17T21:14:03Z,5.176,Ch002_accrest_g,AMU
,,0,2016-07-05T09:50:51.974Z,2021-10-05T09:50:51.973Z,2016-08-17T21:14:05Z,4.229,Ch002_accrest_g,AMU
,,0,2016-07-05T09:50:51.974Z,2021-10-05T09:50:51.973Z,2016-08-17T21:14:07Z,4.525,Ch002_accrest_g,AMU
,,0,2016-07-05T09:50:51.974Z,2021-10-05T09:50:51.973Z,2016-08-17T21:14:09Z,4.533,Ch002_accrest_g,AMU
,,0,2016-07-05T09:50:51.974Z,2021-10-05T09:50:51.973Z,2016-08-17T21:14:19Z,4.337,Ch002_accrest_g,AMU
,,0,2016-07-05T09:50:51.974Z,2021-10-05T09:50:51.973Z,2016-08-17T21:14:21Z,4.194,Ch002_accrest_g,AMU
,,0,2016-07-05T09:50:51.974Z,2021-10-05T09:50:51.973Z,2016-08-17T21:14:23Z,4.667,Ch002_accrest_g,AMU
,,0,2016-07-05T09:50:51.974Z,2021-10-05T09:50:51.973Z,2016-08-17T21:14:25Z,4.59,Ch002_accrest_g,AMU
,,0,2016-07-05T09:50:51.974Z,2021-10-05T09:50:51.973Z,2016-08-17T21:14:27Z,5.281,Ch002_accrest_g,AMU
,,0,2016-07-05T09:50:51.974Z,2021-10-05T09:50:51.973Z,2016-08-17T21:14:29Z,5.163,Ch002_accrest_g,AMU
,,0,2016-07-05T09:50:51.974Z,2021-10-05T09:50:51.973Z,2016-08-17T21:14:31Z,4.812,Ch002_accrest_g,AMU
,,0,2016-07-05T09:50:51.974Z,2021-10-05T09:50:51.973Z,2016-08-17T21:14:35Z,5.103,Ch002_accrest_g,AMU
,,0,2016-07-05T09:50:51.974Z,2021-10-05T09:50:51.973Z,2016-08-17T21:14:37Z,4.292,Ch002_accrest_g,AMU
,,0,2016-07-05T09:50:51.974Z,2021-10-05T09:50:51.973Z,2016-08-17T21:14:43Z,4.188,Ch002_accrest_g,AMU
,,0,2016-07-05T09:50:51.974Z,2021-10-05T09:50:51.973Z,2016-08-17T21:14:47Z,4.797,Ch002_accrest_g,AMU
,,0,2016-07-05T09:50:51.974Z,2021-10-05T09:50:51.973Z,2016-08-17T21:14:49Z,4.429,Ch002_accrest_g,AMU
,,0,2016-07-05T09:50:51.974Z,2021-10-05T09:50:51.973Z,2016-08-17T21:14:51Z,4.598,Ch002_accrest_g,AMU
,,0,2016-07-05T09:50:51.974Z,2021-10-05T09:50:51.973Z,2016-08-17T21:14:53Z,4.969,Ch002_accrest_g,AMU
,,0,2016-07-05T09:50:51.974Z,2021-10-05T09:50:51.973Z,2016-08-17T21:14:55Z,5.89,Ch002_accrest_g,AMU
,,0,2016-07-05T09:50:51.974Z,2021-10-05T09:50:51.973Z,2016-08-17T21:14:57Z,6.089,Ch002_accrest_g,AMU
,,0,2016-07-05T09:50:51.974Z,2021-10-05T09:50:51.973Z,2016-08-17T21:14:59Z,4.218,Ch002_accrest_g,AMU
,,0,2016-07-05T09:50:51.974Z,2021-10-05T09:50:51.973Z,2016-08-17T21:15:01Z,4.993,Ch002_accrest_g,AMU
,,0,2016-07-05T09:50:51.974Z,2021-10-05T09:50:51.973Z,2016-08-17T21:15:03Z,4.535,Ch002_accrest_g,AMU
,,0,2016-07-05T09:50:51.974Z,2021-10-05T09:50:51.973Z,2016-08-17T21:15:05Z,5.042,Ch002_accrest_g,AMU
,,0,2016-07-05T09:50:51.974Z,2021-10-05T09:50:51.973Z,2016-08-17T21:15:09Z,4.293,Ch002_accrest_g,AMU
,,0,2016-07-05T09:50:51.974Z,2021-10-05T09:50:51.973Z,2016-08-17T21:15:11Z,4.539,Ch002_accrest_g,AMU
,,0,2016-07-05T09:50:51.974Z,2021-10-05T09:50:51.973Z,2016-08-17T21:15:13Z,4.588,Ch002_accrest_g,AMU
,,0,2016-07-05T09:50:51.974Z,2021-10-05T09:50:51.973Z,2016-08-17T21:15:17Z,5.01,Ch002_accrest_g,AMU
,,0,2016-07-05T09:50:51.974Z,2021-10-05T09:50:51.973Z,2016-08-17T21:15:21Z,4.788,Ch002_accrest_g,AMU
,,0,2016-07-05T09:50:51.974Z,2021-10-05T09:50:51.973Z,2016-08-17T21:15:23Z,5.517,Ch002_accrest_g,AMU
,,0,2016-07-05T09:50:51.974Z,2021-10-05T09:50:51.973Z,2016-08-17T21:15:25Z,4.981,Ch002_accrest_g,AMU
,,0,2016-07-05T09:50:51.974Z,2021-10-05T09:50:51.973Z,2016-08-17T21:15:27Z,5.089,Ch002_accrest_g,AMU
,,0,2016-07-05T09:50:51.974Z,2021-10-05T09:50:51.973Z,2016-08-17T21:15:31Z,5.643,Ch002_accrest_g,AMU
,,0,2016-07-05T09:50:51.974Z,2021-10-05T09:50:51.973Z,2016-08-17T21:15:33Z,4.23,Ch002_accrest_g,AMU
,,0,2016-07-05T09:50:51.974Z,2021-10-05T09:50:51.973Z,2016-08-17T21:15:35Z,4.674,Ch002_accrest_g,AMU
,,0,2016-07-05T09:50:51.974Z,2021-10-05T09:50:51.973Z,2016-08-17T21:15:41Z,4.514,Ch002_accrest_g,AMU
,,0,2016-07-05T09:50:51.974Z,2021-10-05T09:50:51.973Z,2016-08-17T21:15:43Z,4.925,Ch002_accrest_g,AMU
,,0,2016-07-05T09:50:51.974Z,2021-10-05T09:50:51.973Z,2016-08-17T21:15:47Z,4.276,Ch002_accrest_g,AMU
,,0,2016-07-05T09:50:51.974Z,2021-10-05T09:50:51.973Z,2016-08-17T21:15:49Z,4.274,Ch002_accrest_g,AMU
,,0,2016-07-05T09:50:51.974Z,2021-10-05T09:50:51.973Z,2016-08-17T21:15:51Z,4.631,Ch002_accrest_g,AMU
,,0,2016-07-05T09:50:51.974Z,2021-10-05T09:50:51.973Z,2016-08-17T21:15:53Z,4.124,Ch002_accrest_g,AMU
,,0,2016-07-05T09:50:51.974Z,2021-10-05T09:50:51.973Z,2016-08-17T21:15:57Z,4.385,Ch002_accrest_g,AMU
,,0,2016-07-05T09:50:51.974Z,2021-10-05T09:50:51.973Z,2016-08-17T21:16:03Z,4.439,Ch002_accrest_g,AMU
,,0,2016-07-05T09:50:51.974Z,2021-10-05T09:50:51.973Z,2016-08-17T21:16:07Z,4.447,Ch002_accrest_g,AMU
,,0,2016-07-05T09:50:51.974Z,2021-10-05T09:50:51.973Z,2016-08-17T21:16:11Z,6.156,Ch002_accrest_g,AMU
,,0,2016-07-05T09:50:51.974Z,2021-10-05T09:50:51.973Z,2016-08-17T21:16:13Z,4.587,Ch002_accrest_g,AMU
,,0,2016-07-05T09:50:51.974Z,2021-10-05T09:50:51.973Z,2016-08-17T21:16:15Z,4.567,Ch002_accrest_g,AMU
,,0,2016-07-05T09:50:51.974Z,2021-10-05T09:50:51.973Z,2016-08-17T21:16:17Z,4.497,Ch002_accrest_g,AMU
,,0,2016-07-05T09:50:51.974Z,2021-10-05T09:50:51.973Z,2016-08-17T21:16:19Z,4.779,Ch002_accrest_g,AMU
,,0,2016-07-05T09:50:51.974Z,2021-10-05T09:50:51.973Z,2016-08-17T21:16:23Z,6.58,Ch002_accrest_g,AMU
,,0,2016-07-05T09:50:51.974Z,2021-10-05T09:50:51.973Z,2016-08-17T21:16:25Z,4.453,Ch002_accrest_g,AMU
,,0,2016-07-05T09:50:51.974Z,2021-10-05T09:50:51.973Z,2016-08-17T21:16:27Z,4.623,Ch002_accrest_g,AMU
,,0,2016-07-05T09:50:51.974Z,2021-10-05T09:50:51.973Z,2016-08-17T21:16:29Z,4.764,Ch002_accrest_g,AMU
,,0,2016-07-05T09:50:51.974Z,2021-10-05T09:50:51.973Z,2016-08-17T21:16:33Z,4.275,Ch002_accrest_g,AMU
,,0,2016-07-05T09:50:51.974Z,2021-10-05T09:50:51.973Z,2016-08-17T21:16:37Z,4.27,Ch002_accrest_g,AMU
,,0,2016-07-05T09:50:51.974Z,2021-10-05T09:50:51.973Z,2016-08-17T21:16:39Z,5.179,Ch002_accrest_g,AMU
,,0,2016-07-05T09:50:51.974Z,2021-10-05T09:50:51.973Z,2016-08-17T21:16:41Z,4.786,Ch002_accrest_g,AMU
,,0,2016-07-05T09:50:51.974Z,2021-10-05T09:50:51.973Z,2016-08-17T21:16:43Z,4.391,Ch002_accrest_g,AMU
,,0,2016-07-05T09:50:51.974Z,2021-10-05T09:50:51.973Z,2016-08-17T21:16:47Z,4.398,Ch002_accrest_g,AMU
,,0,2016-07-05T09:50:51.974Z,2021-10-05T09:50:51.973Z,2016-08-17T21:16:49Z,4.484,Ch002_accrest_g,AMU
,,0,2016-07-05T09:50:51.974Z,2021-10-05T09:50:51.973Z,2016-08-17T21:16:51Z,4.4,Ch002_accrest_g,AMU
,,0,2016-07-05T09:50:51.974Z,2021-10-05T09:50:51.973Z,2016-08-17T21:16:53Z,4.509,Ch002_accrest_g,AMU
,,0,2016-07-05T09:50:51.974Z,2021-10-05T09:50:51.973Z,2016-08-17T21:16:55Z,4.319,Ch002_accrest_g,AMU
,,0,2016-07-05T09:50:51.974Z,2021-10-05T09:50:51.973Z,2016-08-17T21:16:57Z,5.723,Ch002_accrest_g,AMU
,,0,2016-07-05T09:50:51.974Z,2021-10-05T09:50:51.973Z,2016-08-17T21:16:59Z,4.827,Ch002_accrest_g,AMU
,,0,2016-07-05T09:50:51.974Z,2021-10-05T09:50:51.973Z,2016-08-17T21:17:01Z,4.473,Ch002_accrest_g,AMU
,,0,2016-07-05T09:50:51.974Z,2021-10-05T09:50:51.973Z,2016-08-17T21:17:03Z,4.617,Ch002_accrest_g,AMU
,,0,2016-07-05T09:50:51.974Z,2021-10-05T09:50:51.973Z,2016-08-17T21:17:07Z,4.775,Ch002_accrest_g,AMU
,,0,2016-07-05T09:50:51.974Z,2021-10-05T09:50:51.973Z,2016-08-17T21:17:09Z,4.729,Ch002_accrest_g,AMU
,,0,2016-07-05T09:50:51.974Z,2021-10-05T09:50:51.973Z,2016-08-17T21:17:15Z,4.399,Ch002_accrest_g,AMU
,,0,2016-07-05T09:50:51.974Z,2021-10-05T09:50:51.973Z,2016-08-17T21:17:19Z,4.179,Ch002_accrest_g,AMU
,,0,2016-07-05T09:50:51.974Z,2021-10-05T09:50:51.973Z,2016-08-17T21:17:21Z,4.396,Ch002_accrest_g,AMU
,,0,2016-07-05T09:50:51.974Z,2021-10-05T09:50:51.973Z,2016-08-17T21:17:23Z,4.591,Ch002_accrest_g,AMU
,,0,2016-07-05T09:50:51.974Z,2021-10-05T09:50:51.973Z,2016-08-17T21:17:31Z,4.689,Ch002_accrest_g,AMU
,,0,2016-07-05T09:50:51.974Z,2021-10-05T09:50:51.973Z,2016-08-17T21:17:33Z,4.393,Ch002_accrest_g,AMU
,,0,2016-07-05T09:50:51.974Z,2021-10-05T09:50:51.973Z,2016-08-17T21:17:35Z,4.768,Ch002_accrest_g,AMU
,,0,2016-07-05T09:50:51.974Z,2021-10-05T09:50:51.973Z,2016-08-17T21:17:37Z,4.67,Ch002_accrest_g,AMU
,,0,2016-07-05T09:50:51.974Z,2021-10-05T09:50:51.973Z,2016-08-17T21:17:39Z,4.704,Ch002_accrest_g,AMU
,,0,2016-07-05T09:50:51.974Z,2021-10-05T09:50:51.973Z,2016-08-17T21:17:41Z,4.491,Ch002_accrest_g,AMU
,,0,2016-07-05T09:50:51.974Z,2021-10-05T09:50:51.973Z,2016-08-17T21:17:43Z,4.467,Ch002_accrest_g,AMU
,,0,2016-07-05T09:50:51.974Z,2021-10-05T09:50:51.973Z,2016-08-17T21:17:45Z,4.392,Ch002_accrest_g,AMU
,,0,2016-07-05T09:50:51.974Z,2021-10-05T09:50:51.973Z,2016-08-17T21:17:47Z,4.732,Ch002_accrest_g,AMU
,,0,2016-07-05T09:50:51.974Z,2021-10-05T09:50:51.973Z,2016-08-17T21:17:49Z,4.304,Ch002_accrest_g,AMU
,,0,2016-07-05T09:50:51.974Z,2021-10-05T09:50:51.973Z,2016-08-17T21:17:55Z,4.55,Ch002_accrest_g,AMU
,,0,2016-07-05T09:50:51.974Z,2021-10-05T09:50:51.973Z,2016-08-17T21:17:57Z,4.781,Ch002_accrest_g,AMU
,,0,2016-07-05T09:50:51.974Z,2021-10-05T09:50:51.973Z,2016-08-17T21:17:59Z,4.367,Ch002_accrest_g,AMU
,,0,2016-07-05T09:50:51.974Z,2021-10-05T09:50:51.973Z,2016-08-17T21:18:01Z,5.573,Ch002_accrest_g,AMU
,,0,2016-07-05T09:50:51.974Z,2021-10-05T09:50:51.973Z,2016-08-17T21:18:05Z,4.418,Ch002_accrest_g,AMU
,,0,2016-07-05T09:50:51.974Z,2021-10-05T09:50:51.973Z,2016-08-17T21:18:07Z,4.342,Ch002_accrest_g,AMU
,,0,2016-07-05T09:50:51.974Z,2021-10-05T09:50:51.973Z,2016-08-17T21:18:09Z,4.604,Ch002_accrest_g,AMU
,,0,2016-07-05T09:50:51.974Z,2021-10-05T09:50:51.973Z,2016-08-17T21:18:19Z,4.489,Ch002_accrest_g,AMU
,,0,2016-07-05T09:50:51.974Z,2021-10-05T09:50:51.973Z,2016-08-17T21:18:21Z,5.842,Ch002_accrest_g,AMU
,,0,2016-07-05T09:50:51.974Z,2021-10-05T09:50:51.973Z,2016-08-17T21:18:23Z,4.417,Ch002_accrest_g,AMU
,,0,2016-07-05T09:50:51.974Z,2021-10-05T09:50:51.973Z,2016-08-17T21:18:27Z,4.686,Ch002_accrest_g,AMU
,,0,2016-07-05T09:50:51.974Z,2021-10-05T09:50:51.973Z,2016-08-17T21:18:29Z,5.169,Ch002_accrest_g,AMU
,,0,2016-07-05T09:50:51.974Z,2021-10-05T09:50:51.973Z,2016-08-17T21:18:31Z,5.891,Ch002_accrest_g,AMU
,,0,2016-07-05T09:50:51.974Z,2021-10-05T09:50:51.973Z,2016-08-17T21:18:39Z,4.62,Ch002_accrest_g,AMU
,,0,2016-07-05T09:50:51.974Z,2021-10-05T09:50:51.973Z,2016-08-17T21:18:41Z,4.413,Ch002_accrest_g,AMU
,,0,2016-07-05T09:50:51.974Z,2021-10-05T09:50:51.973Z,2016-08-17T21:18:45Z,5.245,Ch002_accrest_g,AMU
,,0,2016-07-05T09:50:51.974Z,2021-10-05T09:50:51.973Z,2016-08-17T21:18:47Z,4.226,Ch002_accrest_g,AMU
,,0,2016-07-05T09:50:51.974Z,2021-10-05T09:50:51.973Z,2016-08-17T21:18:49Z,4.659,Ch002_accrest_g,AMU
,,0,2016-07-05T09:50:51.974Z,2021-10-05T09:50:51.973Z,2016-08-17T21:18:51Z,4.265,Ch002_accrest_g,AMU
,,0,2016-07-05T09:50:51.974Z,2021-10-05T09:50:51.973Z,2016-08-17T21:18:53Z,5.401,Ch002_accrest_g,AMU
,,0,2016-07-05T09:50:51.974Z,2021-10-05T09:50:51.973Z,2016-08-17T21:18:55Z,4.994,Ch002_accrest_g,AMU
,,0,2016-07-05T09:50:51.974Z,2021-10-05T09:50:51.973Z,2016-08-17T21:18:59Z,4.695,Ch002_accrest_g,AMU
,,0,2016-07-05T09:50:51.974Z,2021-10-05T09:50:51.973Z,2016-08-17T21:19:07Z,6.296,Ch002_accrest_g,AMU
,,0,2016-07-05T09:50:51.974Z,2021-10-05T09:50:51.973Z,2016-08-17T21:19:09Z,4.613,Ch002_accrest_g,AMU
,,0,2016-07-05T09:50:51.974Z,2021-10-05T09:50:51.973Z,2016-08-17T21:19:13Z,4.549,Ch002_accrest_g,AMU
,,0,2016-07-05T09:50:51.974Z,2021-10-05T09:50:51.973Z,2016-08-17T21:19:15Z,5.241,Ch002_accrest_g,AMU
,,0,2016-07-05T09:50:51.974Z,2021-10-05T09:50:51.973Z,2016-08-17T21:19:17Z,5.172,Ch002_accrest_g,AMU
,,0,2016-07-05T09:50:51.974Z,2021-10-05T09:50:51.973Z,2016-08-17T21:19:19Z,4.474,Ch002_accrest_g,AMU
,,0,2016-07-05T09:50:51.974Z,2021-10-05T09:50:51.973Z,2016-08-17T21:19:21Z,4.495,Ch002_accrest_g,AMU
,,0,2016-07-05T09:50:51.974Z,2021-10-05T09:50:51.973Z,2016-08-17T21:19:23Z,4.953,Ch002_accrest_g,AMU
,,0,2016-07-05T09:50:51.974Z,2021-10-05T09:50:51.973Z,2016-08-17T21:19:25Z,4.977,Ch002_accrest_g,AMU
,,0,2016-07-05T09:50:51.974Z,2021-10-05T09:50:51.973Z,2016-08-17T21:19:27Z,4.662,Ch002_accrest_g,AMU
,,0,2016-07-05T09:50:51.974Z,2021-10-05T09:50:51.973Z,2016-08-17T21:19:33Z,4.434,Ch002_accrest_g,AMU
,,0,2016-07-05T09:50:51.974Z,2021-10-05T09:50:51.973Z,2016-08-17T21:19:35Z,4.168,Ch002_accrest_g,AMU
,,0,2016-07-05T09:50:51.974Z,2021-10-05T09:50:51.973Z,2016-08-17T21:19:37Z,4.937,Ch002_accrest_g,AMU
,,0,2016-07-05T09:50:51.974Z,2021-10-05T09:50:51.973Z,2016-08-17T21:19:39Z,4.433,Ch002_accrest_g,AMU
,,0,2016-07-05T09:50:51.974Z,2021-10-05T09:50:51.973Z,2016-08-17T21:19:41Z,4.496,Ch002_accrest_g,AMU
,,0,2016-07-05T09:50:51.974Z,2021-10-05T09:50:51.973Z,2016-08-17T21:19:45Z,5.055,Ch002_accrest_g,AMU
,,0,2016-07-05T09:50:51.974Z,2021-10-05T09:50:51.973Z,2016-08-17T21:19:47Z,4.318,Ch002_accrest_g,AMU
,,0,2016-07-05T09:50:51.974Z,2021-10-05T09:50:51.973Z,2016-08-17T21:19:49Z,5.09,Ch002_accrest_g,AMU
,,0,2016-07-05T09:50:51.974Z,2021-10-05T09:50:51.973Z,2016-08-17T21:19:51Z,5.026,Ch002_accrest_g,AMU
,,0,2016-07-05T09:50:51.974Z,2021-10-05T09:50:51.973Z,2016-08-17T21:19:55Z,4.885,Ch002_accrest_g,AMU
,,0,2016-07-05T09:50:51.974Z,2021-10-05T09:50:51.973Z,2016-08-17T21:19:57Z,5.044,Ch002_accrest_g,AMU
,,0,2016-07-05T09:50:51.974Z,2021-10-05T09:50:51.973Z,2016-08-17T21:19:59Z,6.663,Ch002_accrest_g,AMU
,,0,2016-07-05T09:50:51.974Z,2021-10-05T09:50:51.973Z,2016-08-17T21:20:01Z,5.835,Ch002_accrest_g,AMU
,,0,2016-07-05T09:50:51.974Z,2021-10-05T09:50:51.973Z,2016-08-17T21:20:07Z,5.107,Ch002_accrest_g,AMU
,,0,2016-07-05T09:50:51.974Z,2021-10-05T09:50:51.973Z,2016-08-17T21:20:09Z,5.248,Ch002_accrest_g,AMU
,,0,2016-07-05T09:50:51.974Z,2021-10-05T09:50:51.973Z,2016-08-17T21:20:11Z,4.079,Ch002_accrest_g,AMU
,,0,2016-07-05T09:50:51.974Z,2021-10-05T09:50:51.973Z,2016-08-17T21:20:13Z,4.493,Ch002_accrest_g,AMU
,,0,2016-07-05T09:50:51.974Z,2021-10-05T09:50:51.973Z,2016-08-17T21:20:17Z,4.51,Ch002_accrest_g,AMU
,,0,2016-07-05T09:50:51.974Z,2021-10-05T09:50:51.973Z,2016-08-17T21:20:19Z,4.266,Ch002_accrest_g,AMU
,,0,2016-07-05T09:50:51.974Z,2021-10-05T09:50:51.973Z,2016-08-17T21:20:23Z,4.909,Ch002_accrest_g,AMU
,,0,2016-07-05T09:50:51.974Z,2021-10-05T09:50:51.973Z,2016-08-17T21:20:37Z,5.358,Ch002_accrest_g,AMU
,,0,2016-07-05T09:50:51.974Z,2021-10-05T09:50:51.973Z,2016-08-17T21:20:39Z,4.757,Ch002_accrest_g,AMU
,,0,2016-07-05T09:50:51.974Z,2021-10-05T09:50:51.973Z,2016-08-17T21:20:41Z,4.747,Ch002_accrest_g,AMU
,,0,2016-07-05T09:50:51.974Z,2021-10-05T09:50:51.973Z,2016-08-17T21:20:45Z,4.856,Ch002_accrest_g,AMU
,,0,2016-07-05T09:50:51.974Z,2021-10-05T09:50:51.973Z,2016-08-17T21:20:53Z,4.585,Ch002_accrest_g,AMU
,,0,2016-07-05T09:50:51.974Z,2021-10-05T09:50:51.973Z,2016-08-17T21:20:59Z,4.685,Ch002_accrest_g,AMU
,,0,2016-07-05T09:50:51.974Z,2021-10-05T09:50:51.973Z,2016-08-17T21:21:01Z,5.947,Ch002_accrest_g,AMU
,,0,2016-07-05T09:50:51.974Z,2021-10-05T09:50:51.973Z,2016-08-17T21:21:05Z,4.61,Ch002_accrest_g,AMU
,,0,2016-07-05T09:50:51.974Z,2021-10-05T09:50:51.973Z,2016-08-17T21:21:11Z,4.607,Ch002_accrest_g,AMU
,,0,2016-07-05T09:50:51.974Z,2021-10-05T09:50:51.973Z,2016-08-17T21:21:13Z,5.132,Ch002_accrest_g,AMU
,,0,2016-07-05T09:50:51.974Z,2021-10-05T09:50:51.973Z,2016-08-17T21:21:15Z,4.821,Ch002_accrest_g,AMU
,,0,2016-07-05T09:50:51.974Z,2021-10-05T09:50:51.973Z,2016-08-17T21:21:17Z,4.49,Ch002_accrest_g,AMU
,,0,2016-07-05T09:50:51.974Z,2021-10-05T09:50:51.973Z,2016-08-17T21:21:21Z,4.144,Ch002_accrest_g,AMU
,,0,2016-07-05T09:50:51.974Z,2021-10-05T09:50:51.973Z,2016-08-17T21:21:31Z,4.655,Ch002_accrest_g,AMU
,,0,2016-07-05T09:50:51.974Z,2021-10-05T09:50:51.973Z,2016-08-17T21:21:37Z,4.375,Ch002_accrest_g,AMU
,,0,2016-07-05T09:50:51.974Z,2021-10-05T09:50:51.973Z,2016-08-17T21:21:39Z,4.471,Ch002_accrest_g,AMU
,,0,2016-07-05T09:50:51.974Z,2021-10-05T09:50:51.973Z,2016-08-17T21:21:41Z,4.809,Ch002_accrest_g,AMU
,,0,2016-07-05T09:50:51.974Z,2021-10-05T09:50:51.973Z,2016-08-17T21:21:47Z,4.661,Ch002_accrest_g,AMU
,,0,2016-07-05T09:50:51.974Z,2021-10-05T09:50:51.973Z,2016-08-17T21:21:49Z,4.364,Ch002_accrest_g,AMU
,,0,2016-07-05T09:50:51.974Z,2021-10-05T09:50:51.973Z,2016-08-17T21:21:55Z,4.645,Ch002_accrest_g,AMU
,,0,2016-07-05T09:50:51.974Z,2021-10-05T09:50:51.973Z,2016-08-17T21:21:57Z,6.26,Ch002_accrest_g,AMU
,,0,2016-07-05T09:50:51.974Z,2021-10-05T09:50:51.973Z,2016-08-17T21:21:59Z,7.211,Ch002_accrest_g,AMU
,,0,2016-07-05T09:50:51.974Z,2021-10-05T09:50:51.973Z,2016-08-17T21:22:01Z,6.45,Ch002_accrest_g,AMU
,,0,2016-07-05T09:50:51.974Z,2021-10-05T09:50:51.973Z,2016-08-17T21:22:03Z,4.247,Ch002_accrest_g,AMU
,,0,2016-07-05T09:50:51.974Z,2021-10-05T09:50:51.973Z,2016-08-17T21:22:05Z,4.847,Ch002_accrest_g,AMU
,,0,2016-07-05T09:50:51.974Z,2021-10-05T09:50:51.973Z,2016-08-17T21:22:07Z,4.412,Ch002_accrest_g,AMU
,,0,2016-07-05T09:50:51.974Z,2021-10-05T09:50:51.973Z,2016-08-17T21:22:09Z,5.707,Ch002_accrest_g,AMU
,,0,2016-07-05T09:50:51.974Z,2021-10-05T09:50:51.973Z,2016-08-17T21:22:11Z,4.384,Ch002_accrest_g,AMU
,,0,2016-07-05T09:50:51.974Z,2021-10-05T09:50:51.973Z,2016-08-17T21:22:13Z,4.814,Ch002_accrest_g,AMU
,,0,2016-07-05T09:50:51.974Z,2021-10-05T09:50:51.973Z,2016-08-17T21:22:15Z,4.877,Ch002_accrest_g,AMU
,,0,2016-07-05T09:50:51.974Z,2021-10-05T09:50:51.973Z,2016-08-17T21:22:21Z,5.04,Ch002_accrest_g,AMU
,,0,2016-07-05T09:50:51.974Z,2021-10-05T09:50:51.973Z,2016-08-17T21:22:27Z,4.528,Ch002_accrest_g,AMU
,,0,2016-07-05T09:50:51.974Z,2021-10-05T09:50:51.973Z,2016-08-17T21:22:29Z,4.462,Ch002_accrest_g,AMU
,,0,2016-07-05T09:50:51.974Z,2021-10-05T09:50:51.973Z,2016-08-17T21:22:35Z,4.744,Ch002_accrest_g,AMU
,,0,2016-07-05T09:50:51.974Z,2021-10-05T09:50:51.973Z,2016-08-17T21:22:37Z,5.004,Ch002_accrest_g,AMU
,,0,2016-07-05T09:50:51.974Z,2021-10-05T09:50:51.973Z,2016-08-17T21:22:45Z,4.555,Ch002_accrest_g,AMU
,,0,2016-07-05T09:50:51.974Z,2021-10-05T09:50:51.973Z,2016-08-17T21:22:49Z,5.095,Ch002_accrest_g,AMU
,,0,2016-07-05T09:50:51.974Z,2021-10-05T09:50:51.973Z,2016-08-17T21:22:51Z,4.765,Ch002_accrest_g,AMU
,,0,2016-07-05T09:50:51.974Z,2021-10-05T09:50:51.973Z,2016-08-17T21:22:57Z,4.612,Ch002_accrest_g,AMU
,,0,2016-07-05T09:50:51.974Z,2021-10-05T09:50:51.973Z,2016-08-17T21:23:01Z,4.71,Ch002_accrest_g,AMU
,,0,2016-07-05T09:50:51.974Z,2021-10-05T09:50:51.973Z,2016-08-17T21:23:05Z,4.339,Ch002_accrest_g,AMU
,,0,2016-07-05T09:50:51.974Z,2021-10-05T09:50:51.973Z,2016-08-17T21:23:07Z,4.638,Ch002_accrest_g,AMU
,,0,2016-07-05T09:50:51.974Z,2021-10-05T09:50:51.973Z,2016-08-17T21:23:11Z,4.719,Ch002_accrest_g,AMU
,,0,2016-07-05T09:50:51.974Z,2021-10-05T09:50:51.973Z,2016-08-17T21:23:17Z,4.416,Ch002_accrest_g,AMU
,,0,2016-07-05T09:50:51.974Z,2021-10-05T09:50:51.973Z,2016-08-17T21:23:19Z,4.252,Ch002_accrest_g,AMU
,,0,2016-07-05T09:50:51.974Z,2021-10-05T09:50:51.973Z,2016-08-17T21:23:23Z,4.581,Ch002_accrest_g,AMU
,,0,2016-07-05T09:50:51.974Z,2021-10-05T09:50:51.973Z,2016-08-17T21:23:25Z,4.805,Ch002_accrest_g,AMU
,,0,2016-07-05T09:50:51.974Z,2021-10-05T09:50:51.973Z,2016-08-17T21:23:27Z,4.972,Ch002_accrest_g,AMU
,,0,2016-07-05T09:50:51.974Z,2021-10-05T09:50:51.973Z,2016-08-17T21:23:35Z,4.552,Ch002_accrest_g,AMU
,,0,2016-07-05T09:50:51.974Z,2021-10-05T09:50:51.973Z,2016-08-17T21:23:41Z,4.908,Ch002_accrest_g,AMU
,,0,2016-07-05T09:50:51.974Z,2021-10-05T09:50:51.973Z,2016-08-17T21:23:43Z,4.388,Ch002_accrest_g,AMU
,,0,2016-07-05T09:50:51.974Z,2021-10-05T09:50:51.973Z,2016-08-17T21:23:47Z,4.479,Ch002_accrest_g,AMU
,,0,2016-07-05T09:50:51.974Z,2021-10-05T09:50:51.973Z,2016-08-17T21:24:01Z,4.382,Ch002_accrest_g,AMU
,,0,2016-07-05T09:50:51.974Z,2021-10-05T09:50:51.973Z,2016-08-17T21:24:05Z,4.532,Ch002_accrest_g,AMU
,,0,2016-07-05T09:50:51.974Z,2021-10-05T09:50:51.973Z,2016-08-17T21:24:11Z,4.956,Ch002_accrest_g,AMU
,,0,2016-07-05T09:50:51.974Z,2021-10-05T09:50:51.973Z,2016-08-17T21:24:13Z,4.536,Ch002_accrest_g,AMU
,,0,2016-07-05T09:50:51.974Z,2021-10-05T09:50:51.973Z,2016-08-17T21:24:15Z,4.737,Ch002_accrest_g,AMU
,,0,2016-07-05T09:50:51.974Z,2021-10-05T09:50:51.973Z,2016-08-17T21:24:19Z,4.182,Ch002_accrest_g,AMU
,,0,2016-07-05T09:50:51.974Z,2021-10-05T09:50:51.973Z,2016-08-17T21:24:21Z,4.828,Ch002_accrest_g,AMU
,,0,2016-07-05T09:50:51.974Z,2021-10-05T09:50:51.973Z,2016-08-17T21:24:25Z,6.459,Ch002_accrest_g,AMU
,,0,2016-07-05T09:50:51.974Z,2021-10-05T09:50:51.973Z,2016-08-17T21:24:27Z,4.6,Ch002_accrest_g,AMU
,,0,2016-07-05T09:50:51.974Z,2021-10-05T09:50:51.973Z,2016-08-17T21:24:31Z,4.9,Ch002_accrest_g,AMU
,,0,2016-07-05T09:50:51.974Z,2021-10-05T09:50:51.973Z,2016-08-17T21:24:37Z,4.52,Ch002_accrest_g,AMU
,,0,2016-07-05T09:50:51.974Z,2021-10-05T09:50:51.973Z,2016-08-17T21:24:41Z,4.347,Ch002_accrest_g,AMU
,,0,2016-07-05T09:50:51.974Z,2021-10-05T09:50:51.973Z,2016-08-17T21:24:43Z,4.759,Ch002_accrest_g,AMU
,,0,2016-07-05T09:50:51.974Z,2021-10-05T09:50:51.973Z,2016-08-17T21:24:47Z,4.751,Ch002_accrest_g,AMU
,,0,2016-07-05T09:50:51.974Z,2021-10-05T09:50:51.973Z,2016-08-17T21:24:51Z,4.86,Ch002_accrest_g,AMU
,,0,2016-07-05T09:50:51.974Z,2021-10-05T09:50:51.973Z,2016-08-17T21:24:53Z,5.207,Ch002_accrest_g,AMU
,,0,2016-07-05T09:50:51.974Z,2021-10-05T09:50:51.973Z,2016-08-17T21:24:55Z,6.564,Ch002_accrest_g,AMU
,,0,2016-07-05T09:50:51.974Z,2021-10-05T09:50:51.973Z,2016-08-17T21:24:57Z,7.854,Ch002_accrest_g,AMU
,,0,2016-07-05T09:50:51.974Z,2021-10-05T09:50:51.973Z,2016-08-17T21:24:59Z,5.236,Ch002_accrest_g,AMU
,,0,2016-07-05T09:50:51.974Z,2021-10-05T09:50:51.973Z,2016-08-17T21:25:01Z,10.205,Ch002_accrest_g,AMU
,,0,2016-07-05T09:50:51.974Z,2021-10-05T09:50:51.973Z,2016-08-17T21:25:03Z,5.498,Ch002_accrest_g,AMU
,,0,2016-07-05T09:50:51.974Z,2021-10-05T09:50:51.973Z,2016-08-17T21:25:09Z,4.492,Ch002_accrest_g,AMU
,,0,2016-07-05T09:50:51.974Z,2021-10-05T09:50:51.973Z,2016-08-17T21:25:11Z,4.887,Ch002_accrest_g,AMU
,,0,2016-07-05T09:50:51.974Z,2021-10-05T09:50:51.973Z,2016-08-17T21:25:13Z,4.208,Ch002_accrest_g,AMU
,,0,2016-07-05T09:50:51.974Z,2021-10-05T09:50:51.973Z,2016-08-17T21:25:15Z,12.482,Ch002_accrest_g,AMU
,,0,2016-07-05T09:50:51.974Z,2021-10-05T09:50:51.973Z,2016-08-17T21:25:17Z,4.712,Ch002_accrest_g,AMU
,,0,2016-07-05T09:50:51.974Z,2021-10-05T09:50:51.973Z,2016-08-17T21:25:19Z,4.478,Ch002_accrest_g,AMU
,,0,2016-07-05T09:50:51.974Z,2021-10-05T09:50:51.973Z,2016-08-17T21:25:23Z,5.145,Ch002_accrest_g,AMU
,,0,2016-07-05T09:50:51.974Z,2021-10-05T09:50:51.973Z,2016-08-17T21:25:25Z,6.864,Ch002_accrest_g,AMU
,,0,2016-07-05T09:50:51.974Z,2021-10-05T09:50:51.973Z,2016-08-17T21:25:27Z,4.841,Ch002_accrest_g,AMU
,,0,2016-07-05T09:50:51.974Z,2021-10-05T09:50:51.973Z,2016-08-17T21:25:29Z,4.637,Ch002_accrest_g,AMU
,,0,2016-07-05T09:50:51.974Z,2021-10-05T09:50:51.973Z,2016-08-17T21:25:39Z,4.438,Ch002_accrest_g,AMU
,,0,2016-07-05T09:50:51.974Z,2021-10-05T09:50:51.973Z,2016-08-17T21:25:45Z,4.701,Ch002_accrest_g,AMU
,,0,2016-07-05T09:50:51.974Z,2021-10-05T09:50:51.973Z,2016-08-17T21:25:53Z,5.96,Ch002_accrest_g,AMU
,,0,2016-07-05T09:50:51.974Z,2021-10-05T09:50:51.973Z,2016-08-17T21:25:55Z,4.44,Ch002_accrest_g,AMU
,,0,2016-07-05T09:50:51.974Z,2021-10-05T09:50:51.973Z,2016-08-17T21:25:59Z,4.223,Ch002_accrest_g,AMU
,,0,2016-07-05T09:50:51.974Z,2021-10-05T09:50:51.973Z,2016-08-17T21:26:03Z,4.316,Ch002_accrest_g,AMU
,,0,2016-07-05T09:50:51.974Z,2021-10-05T09:50:51.973Z,2016-08-17T21:26:13Z,6.797,Ch002_accrest_g,AMU
,,0,2016-07-05T09:50:51.974Z,2021-10-05T09:50:51.973Z,2016-08-17T21:26:15Z,4.608,Ch002_accrest_g,AMU
,,0,2016-07-05T09:50:51.974Z,2021-10-05T09:50:51.973Z,2016-08-17T21:26:21Z,5.626,Ch002_accrest_g,AMU
,,0,2016-07-05T09:50:51.974Z,2021-10-05T09:50:51.973Z,2016-08-17T21:26:23Z,4.857,Ch002_accrest_g,AMU
,,0,2016-07-05T09:50:51.974Z,2021-10-05T09:50:51.973Z,2016-08-17T21:26:25Z,4.77,Ch002_accrest_g,AMU
,,0,2016-07-05T09:50:51.974Z,2021-10-05T09:50:51.973Z,2016-08-17T21:26:29Z,4.82,Ch002_accrest_g,AMU
,,0,2016-07-05T09:50:51.974Z,2021-10-05T09:50:51.973Z,2016-08-17T21:26:31Z,5.634,Ch002_accrest_g,AMU
,,0,2016-07-05T09:50:51.974Z,2021-10-05T09:50:51.973Z,2016-08-17T21:26:37Z,5.474,Ch002_accrest_g,AMU
,,0,2016-07-05T09:50:51.974Z,2021-10-05T09:50:51.973Z,2016-08-17T21:26:39Z,4.728,Ch002_accrest_g,AMU
,,0,2016-07-05T09:50:51.974Z,2021-10-05T09:50:51.973Z,2016-08-17T21:26:41Z,4.963,Ch002_accrest_g,AMU
,,0,2016-07-05T09:50:51.974Z,2021-10-05T09:50:51.973Z,2016-08-17T21:26:45Z,4.855,Ch002_accrest_g,AMU
,,0,2016-07-05T09:50:51.974Z,2021-10-05T09:50:51.973Z,2016-08-17T21:27:03Z,4.605,Ch002_accrest_g,AMU
,,0,2016-07-05T09:50:51.974Z,2021-10-05T09:50:51.973Z,2016-08-17T21:27:11Z,5.68,Ch002_accrest_g,AMU
,,0,2016-07-05T09:50:51.974Z,2021-10-05T09:50:51.973Z,2016-08-17T21:27:15Z,5.609,Ch002_accrest_g,AMU
,,0,2016-07-05T09:50:51.974Z,2021-10-05T09:50:51.973Z,2016-08-17T21:27:27Z,3.967,Ch002_accrest_g,AMU
,,0,2016-07-05T09:50:51.974Z,2021-10-05T09:50:51.973Z,2016-08-17T21:27:29Z,4.064,Ch002_accrest_g,AMU
,,0,2016-07-05T09:50:51.974Z,2021-10-05T09:50:51.973Z,2016-08-17T21:27:31Z,4.004,Ch002_accrest_g,AMU
,,0,2016-07-05T09:50:51.974Z,2021-10-05T09:50:51.973Z,2016-08-17T21:27:33Z,4.291,Ch002_accrest_g,AMU
,,0,2016-07-05T09:50:51.974Z,2021-10-05T09:50:51.973Z,2016-08-17T21:27:37Z,4.394,Ch002_accrest_g,AMU
,,0,2016-07-05T09:50:51.974Z,2021-10-05T09:50:51.973Z,2016-08-17T21:27:41Z,4.149,Ch002_accrest_g,AMU
,,0,2016-07-05T09:50:51.974Z,2021-10-05T09:50:51.973Z,2016-08-17T21:27:43Z,3.959,Ch002_accrest_g,AMU
,,0,2016-07-05T09:50:51.974Z,2021-10-05T09:50:51.973Z,2016-08-17T21:27:47Z,4.33,Ch002_accrest_g,AMU
,,0,2016-07-05T09:50:51.974Z,2021-10-05T09:50:51.973Z,2016-08-17T21:27:49Z,3.982,Ch002_accrest_g,AMU
,,0,2016-07-05T09:50:51.974Z,2021-10-05T09:50:51.973Z,2016-08-17T21:27:51Z,3.91,Ch002_accrest_g,AMU
,,0,2016-07-05T09:50:51.974Z,2021-10-05T09:50:51.973Z,2016-08-17T21:27:55Z,4.796,Ch002_accrest_g,AMU
,,0,2016-07-05T09:50:51.974Z,2021-10-05T09:50:51.973Z,2016-08-17T21:27:59Z,4.671,Ch002_accrest_g,AMU
,,0,2016-07-05T09:50:51.974Z,2021-10-05T09:50:51.973Z,2016-08-17T21:28:03Z,4.29,Ch002_accrest_g,AMU
,,0,2016-07-05T09:50:51.974Z,2021-10-05T09:50:51.973Z,2016-08-17T21:28:05Z,4.244,Ch002_accrest_g,AMU
,,0,2016-07-05T09:50:51.974Z,2021-10-05T09:50:51.973Z,2016-08-17T21:28:07Z,3.971,Ch002_accrest_g,AMU
,,0,2016-07-05T09:50:51.974Z,2021-10-05T09:50:51.973Z,2016-08-17T21:28:09Z,4.131,Ch002_accrest_g,AMU
,,0,2016-07-05T09:50:51.974Z,2021-10-05T09:50:51.973Z,2016-08-17T21:28:15Z,4.132,Ch002_accrest_g,AMU
,,0,2016-07-05T09:50:51.974Z,2021-10-05T09:50:51.973Z,2016-08-17T21:28:17Z,4.358,Ch002_accrest_g,AMU
,,0,2016-07-05T09:50:51.974Z,2021-10-05T09:50:51.973Z,2016-08-17T21:28:21Z,4.202,Ch002_accrest_g,AMU
,,0,2016-07-05T09:50:51.974Z,2021-10-05T09:50:51.973Z,2016-08-17T21:28:23Z,50.934,Ch002_accrest_g,AMU
,,0,2016-07-05T09:50:51.974Z,2021-10-05T09:50:51.973Z,2016-08-17T21:28:27Z,5.416,Ch002_accrest_g,AMU
,,0,2016-07-05T09:50:51.974Z,2021-10-05T09:50:51.973Z,2016-08-17T21:28:29Z,4.758,Ch002_accrest_g,AMU
,,0,2016-07-05T09:50:51.974Z,2021-10-05T09:50:51.973Z,2016-08-17T21:28:31Z,5.008,Ch002_accrest_g,AMU
,,0,2016-07-05T09:50:51.974Z,2021-10-05T09:50:51.973Z,2016-08-17T21:28:33Z,5.598,Ch002_accrest_g,AMU
,,0,2016-07-05T09:50:51.974Z,2021-10-05T09:50:51.973Z,2016-08-17T21:28:35Z,4.273,Ch002_accrest_g,AMU
,,0,2016-07-05T09:50:51.974Z,2021-10-05T09:50:51.973Z,2016-08-17T21:28:37Z,4.609,Ch002_accrest_g,AMU
,,0,2016-07-05T09:50:51.974Z,2021-10-05T09:50:51.973Z,2016-08-17T21:28:41Z,4.164,Ch002_accrest_g,AMU
,,0,2016-07-05T09:50:51.974Z,2021-10-05T09:50:51.973Z,2016-08-17T21:28:45Z,5.047,Ch002_accrest_g,AMU
,,0,2016-07-05T09:50:51.974Z,2021-10-05T09:50:51.973Z,2016-08-17T21:28:55Z,5.175,Ch002_accrest_g,AMU
,,0,2016-07-05T09:50:51.974Z,2021-10-05T09:50:51.973Z,2016-08-17T21:28:59Z,4.586,Ch002_accrest_g,AMU
,,0,2016-07-05T09:50:51.974Z,2021-10-05T09:50:51.973Z,2016-08-17T21:29:01Z,4.444,Ch002_accrest_g,AMU
,,0,2016-07-05T09:50:51.974Z,2021-10-05T09:50:51.973Z,2016-08-17T21:29:05Z,4.475,Ch002_accrest_g,AMU
,,0,2016-07-05T09:50:51.974Z,2021-10-05T09:50:51.973Z,2016-08-17T21:29:07Z,4.104,Ch002_accrest_g,AMU
,,0,2016-07-05T09:50:51.974Z,2021-10-05T09:50:51.973Z,2016-08-17T21:29:09Z,5.968,Ch002_accrest_g,AMU
,,0,2016-07-05T09:50:51.974Z,2021-10-05T09:50:51.973Z,2016-08-17T21:29:15Z,4.839,Ch002_accrest_g,AMU
,,0,2016-07-05T09:50:51.974Z,2021-10-05T09:50:51.973Z,2016-08-17T21:29:25Z,4.248,Ch002_accrest_g,AMU
,,0,2016-07-05T09:50:51.974Z,2021-10-05T09:50:51.973Z,2016-08-17T21:29:29Z,4.618,Ch002_accrest_g,AMU
,,0,2016-07-05T09:50:51.974Z,2021-10-05T09:50:51.973Z,2016-08-17T21:29:31Z,4.353,Ch002_accrest_g,AMU
,,0,2016-07-05T09:50:51.974Z,2021-10-05T09:50:51.973Z,2016-08-17T21:29:33Z,5.183,Ch002_accrest_g,AMU
,,0,2016-07-05T09:50:51.974Z,2021-10-05T09:50:51.973Z,2016-08-17T21:29:35Z,5.429,Ch002_accrest_g,AMU
,,0,2016-07-05T09:50:51.974Z,2021-10-05T09:50:51.973Z,2016-08-17T21:29:37Z,4.906,Ch002_accrest_g,AMU
,,0,2016-07-05T09:50:51.974Z,2021-10-05T09:50:51.973Z,2016-08-17T21:29:41Z,7.078,Ch002_accrest_g,AMU
,,0,2016-07-05T09:50:51.974Z,2021-10-05T09:50:51.973Z,2016-08-17T21:29:43Z,4.506,Ch002_accrest_g,AMU
,,0,2016-07-05T09:50:51.974Z,2021-10-05T09:50:51.973Z,2016-08-17T21:29:51Z,4.864,Ch002_accrest_g,AMU
,,0,2016-07-05T09:50:51.974Z,2021-10-05T09:50:51.973Z,2016-08-17T21:30:05Z,6.476,Ch002_accrest_g,AMU
,,0,2016-07-05T09:50:51.974Z,2021-10-05T09:50:51.973Z,2016-08-17T21:30:07Z,4.35,Ch002_accrest_g,AMU
,,0,2016-07-05T09:50:51.974Z,2021-10-05T09:50:51.973Z,2016-08-17T21:30:09Z,4.38,Ch002_accrest_g,AMU
,,0,2016-07-05T09:50:51.974Z,2021-10-05T09:50:51.973Z,2016-08-17T21:30:13Z,4.859,Ch002_accrest_g,AMU
,,0,2016-07-05T09:50:51.974Z,2021-10-05T09:50:51.973Z,2016-08-17T21:30:15Z,5.124,Ch002_accrest_g,AMU
,,0,2016-07-05T09:50:51.974Z,2021-10-05T09:50:51.973Z,2016-08-17T21:30:17Z,4.352,Ch002_accrest_g,AMU
,,0,2016-07-05T09:50:51.974Z,2021-10-05T09:50:51.973Z,2016-08-17T21:30:21Z,4.592,Ch002_accrest_g,AMU
,,0,2016-07-05T09:50:51.974Z,2021-10-05T09:50:51.973Z,2016-08-17T21:30:25Z,4.456,Ch002_accrest_g,AMU
,,0,2016-07-05T09:50:51.974Z,2021-10-05T09:50:51.973Z,2016-08-17T21:30:27Z,4.705,Ch002_accrest_g,AMU
,,0,2016-07-05T09:50:51.974Z,2021-10-05T09:50:51.973Z,2016-08-17T21:30:39Z,5.202,Ch002_accrest_g,AMU
,,0,2016-07-05T09:50:51.974Z,2021-10-05T09:50:51.973Z,2016-08-17T21:30:41Z,5.229,Ch002_accrest_g,AMU
,,0,2016-07-05T09:50:51.974Z,2021-10-05T09:50:51.973Z,2016-08-17T21:30:47Z,4.504,Ch002_accrest_g,AMU
,,0,2016-07-05T09:50:51.974Z,2021-10-05T09:50:51.973Z,2016-08-17T21:30:51Z,4.534,Ch002_accrest_g,AMU
,,0,2016-07-05T09:50:51.974Z,2021-10-05T09:50:51.973Z,2016-08-17T21:30:55Z,5.487,Ch002_accrest_g,AMU
,,0,2016-07-05T09:50:51.974Z,2021-10-05T09:50:51.973Z,2016-08-17T21:30:57Z,4.487,Ch002_accrest_g,AMU
,,0,2016-07-05T09:50:51.974Z,2021-10-05T09:50:51.973Z,2016-08-17T21:31:01Z,4.798,Ch002_accrest_g,AMU
,,0,2016-07-05T09:50:51.974Z,2021-10-05T09:50:51.973Z,2016-08-17T21:31:03Z,4.938,Ch002_accrest_g,AMU
,,0,2016-07-05T09:50:51.974Z,2021-10-05T09:50:51.973Z,2016-08-17T21:31:05Z,4.402,Ch002_accrest_g,AMU
,,0,2016-07-05T09:50:51.974Z,2021-10-05T09:50:51.973Z,2016-08-17T21:31:15Z,4.837,Ch002_accrest_g,AMU
,,0,2016-07-05T09:50:51.974Z,2021-10-05T09:50:51.973Z,2016-08-17T21:31:21Z,4.313,Ch002_accrest_g,AMU
,,0,2016-07-05T09:50:51.974Z,2021-10-05T09:50:51.973Z,2016-08-17T21:31:27Z,4.665,Ch002_accrest_g,AMU
,,0,2016-07-05T09:50:51.974Z,2021-10-05T09:50:51.973Z,2016-08-17T21:31:37Z,4.025,Ch002_accrest_g,AMU
,,0,2016-07-05T09:50:51.974Z,2021-10-05T09:50:51.973Z,2016-08-17T21:31:45Z,4.246,Ch002_accrest_g,AMU
,,0,2016-07-05T09:50:51.974Z,2021-10-05T09:50:51.973Z,2016-08-17T21:31:47Z,7.384,Ch002_accrest_g,AMU
,,0,2016-07-05T09:50:51.974Z,2021-10-05T09:50:51.973Z,2016-08-17T21:31:51Z,4.306,Ch002_accrest_g,AMU
,,0,2016-07-05T09:50:51.974Z,2021-10-05T09:50:51.973Z,2016-08-17T21:31:53Z,5.843,Ch002_accrest_g,AMU
,,0,2016-07-05T09:50:51.974Z,2021-10-05T09:50:51.973Z,2016-08-17T21:31:55Z,5.716,Ch002_accrest_g,AMU
,,0,2016-07-05T09:50:51.974Z,2021-10-05T09:50:51.973Z,2016-08-17T21:31:57Z,7.633,Ch002_accrest_g,AMU
,,0,2016-07-05T09:50:51.974Z,2021-10-05T09:50:51.973Z,2016-08-17T21:31:59Z,6.894,Ch002_accrest_g,AMU
,,0,2016-07-05T09:50:51.974Z,2021-10-05T09:50:51.973Z,2016-08-17T21:32:03Z,4.83,Ch002_accrest_g,AMU
,,0,2016-07-05T09:50:51.974Z,2021-10-05T09:50:51.973Z,2016-08-17T21:32:11Z,5.011,Ch002_accrest_g,AMU
,,0,2016-07-05T09:50:51.974Z,2021-10-05T09:50:51.973Z,2016-08-17T21:32:13Z,4.123,Ch002_accrest_g,AMU
,,0,2016-07-05T09:50:51.974Z,2021-10-05T09:50:51.973Z,2016-08-17T21:32:19Z,5.064,Ch002_accrest_g,AMU
,,0,2016-07-05T09:50:51.974Z,2021-10-05T09:50:51.973Z,2016-08-17T21:32:21Z,5.219,Ch002_accrest_g,AMU
,,0,2016-07-05T09:50:51.974Z,2021-10-05T09:50:51.973Z,2016-08-17T21:32:31Z,5.39,Ch002_accrest_g,AMU
,,0,2016-07-05T09:50:51.974Z,2021-10-05T09:50:51.973Z,2016-08-17T21:32:35Z,4.411,Ch002_accrest_g,AMU
,,0,2016-07-05T09:50:51.974Z,2021-10-05T09:50:51.973Z,2016-08-17T21:32:45Z,5.37,Ch002_accrest_g,AMU
,,0,2016-07-05T09:50:51.974Z,2021-10-05T09:50:51.973Z,2016-08-17T21:32:49Z,4.1,Ch002_accrest_g,AMU
,,0,2016-07-05T09:50:51.974Z,2021-10-05T09:50:51.973Z,2016-08-17T21:32:51Z,4.642,Ch002_accrest_g,AMU
,,0,2016-07-05T09:50:51.974Z,2021-10-05T09:50:51.973Z,2016-08-17T21:32:53Z,5.283,Ch002_accrest_g,AMU
,,0,2016-07-05T09:50:51.974Z,2021-10-05T09:50:51.973Z,2016-08-17T21:32:55Z,4.861,Ch002_accrest_g,AMU
,,0,2016-07-05T09:50:51.974Z,2021-10-05T09:50:51.973Z,2016-08-17T21:33:03Z,4.575,Ch002_accrest_g,AMU
,,0,2016-07-05T09:50:51.974Z,2021-10-05T09:50:51.973Z,2016-08-17T21:33:15Z,4.603,Ch002_accrest_g,AMU
,,0,2016-07-05T09:50:51.974Z,2021-10-05T09:50:51.973Z,2016-08-17T21:33:17Z,4.58,Ch002_accrest_g,AMU
,,0,2016-07-05T09:50:51.974Z,2021-10-05T09:50:51.973Z,2016-08-17T21:33:23Z,4.368,Ch002_accrest_g,AMU
,,0,2016-07-05T09:50:51.974Z,2021-10-05T09:50:51.973Z,2016-08-17T21:33:25Z,5.529,Ch002_accrest_g,AMU
,,0,2016-07-05T09:50:51.974Z,2021-10-05T09:50:51.973Z,2016-08-17T21:33:31Z,5.5,Ch002_accrest_g,AMU
,,0,2016-07-05T09:50:51.974Z,2021-10-05T09:50:51.973Z,2016-08-17T21:33:39Z,4.166,Ch002_accrest_g,AMU
,,0,2016-07-05T09:50:51.974Z,2021-10-05T09:50:51.973Z,2016-08-17T21:33:43Z,4.708,Ch002_accrest_g,AMU
,,0,2016-07-05T09:50:51.974Z,2021-10-05T09:50:51.973Z,2016-08-17T21:33:45Z,4.286,Ch002_accrest_g,AMU
,,0,2016-07-05T09:50:51.974Z,2021-10-05T09:50:51.973Z,2016-08-17T21:33:53Z,4.389,Ch002_accrest_g,AMU
,,0,2016-07-05T09:50:51.974Z,2021-10-05T09:50:51.973Z,2016-08-17T21:33:57Z,4.332,Ch002_accrest_g,AMU
,,0,2016-07-05T09:50:51.974Z,2021-10-05T09:50:51.973Z,2016-08-17T21:34:03Z,4.322,Ch002_accrest_g,AMU
,,0,2016-07-05T09:50:51.974Z,2021-10-05T09:50:51.973Z,2016-08-17T21:34:05Z,4.45,Ch002_accrest_g,AMU
,,0,2016-07-05T09:50:51.974Z,2021-10-05T09:50:51.973Z,2016-08-17T21:34:07Z,153.715,Ch002_accrest_g,AMU
,,0,2016-07-05T09:50:51.974Z,2021-10-05T09:50:51.973Z,2016-08-17T21:34:09Z,4.668,Ch002_accrest_g,AMU
,,0,2016-07-05T09:50:51.974Z,2021-10-05T09:50:51.973Z,2016-08-17T21:34:15Z,27.329,Ch002_accrest_g,AMU
,,0,2016-07-05T09:50:51.974Z,2021-10-05T09:50:51.973Z,2016-08-17T21:34:17Z,5.224,Ch002_accrest_g,AMU
,,0,2016-07-05T09:50:51.974Z,2021-10-05T09:50:51.973Z,2016-08-17T21:34:25Z,6.232,Ch002_accrest_g,AMU
,,0,2016-07-05T09:50:51.974Z,2021-10-05T09:50:51.973Z,2016-08-17T21:34:35Z,4.663,Ch002_accrest_g,AMU
,,0,2016-07-05T09:50:51.974Z,2021-10-05T09:50:51.973Z,2016-08-17T21:34:41Z,5.076,Ch002_accrest_g,AMU
,,0,2016-07-05T09:50:51.974Z,2021-10-05T09:50:51.973Z,2016-08-17T21:34:49Z,5.041,Ch002_accrest_g,AMU
,,0,2016-07-05T09:50:51.974Z,2021-10-05T09:50:51.973Z,2016-08-17T21:34:55Z,4.984,Ch002_accrest_g,AMU
,,0,2016-07-05T09:50:51.974Z,2021-10-05T09:50:51.973Z,2016-08-17T21:34:59Z,4.831,Ch002_accrest_g,AMU
,,0,2016-07-05T09:50:51.974Z,2021-10-05T09:50:51.973Z,2016-08-17T21:35:01Z,4.783,Ch002_accrest_g,AMU
,,0,2016-07-05T09:50:51.974Z,2021-10-05T09:50:51.973Z,2016-08-17T21:35:05Z,4.898,Ch002_accrest_g,AMU
,,0,2016-07-05T09:50:51.974Z,2021-10-05T09:50:51.973Z,2016-08-17T21:35:07Z,5.158,Ch002_accrest_g,AMU
,,0,2016-07-05T09:50:51.974Z,2021-10-05T09:50:51.973Z,2016-08-17T21:35:09Z,4.518,Ch002_accrest_g,AMU
,,0,2016-07-05T09:50:51.974Z,2021-10-05T09:50:51.973Z,2016-08-17T21:35:11Z,5.214,Ch002_accrest_g,AMU
,,0,2016-07-05T09:50:51.974Z,2021-10-05T09:50:51.973Z,2016-08-17T21:35:17Z,4.468,Ch002_accrest_g,AMU
,,0,2016-07-05T09:50:51.974Z,2021-10-05T09:50:51.973Z,2016-08-17T21:35:19Z,4.99,Ch002_accrest_g,AMU
,,0,2016-07-05T09:50:51.974Z,2021-10-05T09:50:51.973Z,2016-08-17T21:35:29Z,5.035,Ch002_accrest_g,AMU
,,0,2016-07-05T09:50:51.974Z,2021-10-05T09:50:51.973Z,2016-08-17T21:35:37Z,4.299,Ch002_accrest_g,AMU
,,0,2016-07-05T09:50:51.974Z,2021-10-05T09:50:51.973Z,2016-08-17T21:35:41Z,4.257,Ch002_accrest_g,AMU
,,0,2016-07-05T09:50:51.974Z,2021-10-05T09:50:51.973Z,2016-08-17T21:35:43Z,5.298,Ch002_accrest_g,AMU
,,0,2016-07-05T09:50:51.974Z,2021-10-05T09:50:51.973Z,2016-08-17T21:35:47Z,4.461,Ch002_accrest_g,AMU
,,0,2016-07-05T09:50:51.974Z,2021-10-05T09:50:51.973Z,2016-08-17T21:35:51Z,5.26,Ch002_accrest_g,AMU
,,0,2016-07-05T09:50:51.974Z,2021-10-05T09:50:51.973Z,2016-08-17T21:35:53Z,4.774,Ch002_accrest_g,AMU
,,0,2016-07-05T09:50:51.974Z,2021-10-05T09:50:51.973Z,2016-08-17T21:35:55Z,4.72,Ch002_accrest_g,AMU
,,0,2016-07-05T09:50:51.974Z,2021-10-05T09:50:51.973Z,2016-08-17T21:36:05Z,5.543,Ch002_accrest_g,AMU
,,0,2016-07-05T09:50:51.974Z,2021-10-05T09:50:51.973Z,2016-08-17T21:36:07Z,5.203,Ch002_accrest_g,AMU
,,0,2016-07-05T09:50:51.974Z,2021-10-05T09:50:51.973Z,2016-08-17T21:36:09Z,4.563,Ch002_accrest_g,AMU
,,0,2016-07-05T09:50:51.974Z,2021-10-05T09:50:51.973Z,2016-08-17T21:36:13Z,5.099,Ch002_accrest_g,AMU
,,0,2016-07-05T09:50:51.974Z,2021-10-05T09:50:51.973Z,2016-08-17T21:36:15Z,4.697,Ch002_accrest_g,AMU
,,0,2016-07-05T09:50:51.974Z,2021-10-05T09:50:51.973Z,2016-08-17T21:36:23Z,4.771,Ch002_accrest_g,AMU
,,0,2016-07-05T09:50:51.974Z,2021-10-05T09:50:51.973Z,2016-08-17T21:36:25Z,4.465,Ch002_accrest_g,AMU
,,0,2016-07-05T09:50:51.974Z,2021-10-05T09:50:51.973Z,2016-08-17T21:36:27Z,4.731,Ch002_accrest_g,AMU
,,0,2016-07-05T09:50:51.974Z,2021-10-05T09:50:51.973Z,2016-08-17T21:36:31Z,5.033,Ch002_accrest_g,AMU
,,0,2016-07-05T09:50:51.974Z,2021-10-05T09:50:51.973Z,2016-08-17T21:36:33Z,4.676,Ch002_accrest_g,AMU
,,0,2016-07-05T09:50:51.974Z,2021-10-05T09:50:51.973Z,2016-08-17T21:36:39Z,4.372,Ch002_accrest_g,AMU
,,0,2016-07-05T09:50:51.974Z,2021-10-05T09:50:51.973Z,2016-08-17T21:36:43Z,4.243,Ch002_accrest_g,AMU
,,0,2016-07-05T09:50:51.974Z,2021-10-05T09:50:51.973Z,2016-08-17T21:36:47Z,5.153,Ch002_accrest_g,AMU
,,0,2016-07-05T09:50:51.974Z,2021-10-05T09:50:51.973Z,2016-08-17T21:36:49Z,5.002,Ch002_accrest_g,AMU
,,0,2016-07-05T09:50:51.974Z,2021-10-05T09:50:51.973Z,2016-08-17T21:37:01Z,8.079,Ch002_accrest_g,AMU
,,0,2016-07-05T09:50:51.974Z,2021-10-05T09:50:51.973Z,2016-08-17T21:37:07Z,4.48,Ch002_accrest_g,AMU
,,0,2016-07-05T09:50:51.974Z,2021-10-05T09:50:51.973Z,2016-08-17T21:37:17Z,4.572,Ch002_accrest_g,AMU
,,0,2016-07-05T09:50:51.974Z,2021-10-05T09:50:51.973Z,2016-08-17T21:37:19Z,4.96,Ch002_accrest_g,AMU
,,0,2016-07-05T09:50:51.974Z,2021-10-05T09:50:51.973Z,2016-08-17T21:37:21Z,5.294,Ch002_accrest_g,AMU
,,0,2016-07-05T09:50:51.974Z,2021-10-05T09:50:51.973Z,2016-08-17T21:37:25Z,5.078,Ch002_accrest_g,AMU
,,0,2016-07-05T09:50:51.974Z,2021-10-05T09:50:51.973Z,2016-08-17T21:37:27Z,4.338,Ch002_accrest_g,AMU
,,0,2016-07-05T09:50:51.974Z,2021-10-05T09:50:51.973Z,2016-08-17T21:37:29Z,4.803,Ch002_accrest_g,AMU
,,0,2016-07-05T09:50:51.974Z,2021-10-05T09:50:51.973Z,2016-08-17T21:37:31Z,5.136,Ch002_accrest_g,AMU
,,0,2016-07-05T09:50:51.974Z,2021-10-05T09:50:51.973Z,2016-08-17T21:37:41Z,5.702,Ch002_accrest_g,AMU
,,0,2016-07-05T09:50:51.974Z,2021-10-05T09:50:51.973Z,2016-08-17T21:37:43Z,6.404,Ch002_accrest_g,AMU
,,0,2016-07-05T09:50:51.974Z,2021-10-05T09:50:51.973Z,2016-08-17T21:37:45Z,9.332,Ch002_accrest_g,AMU
,,0,2016-07-05T09:50:51.974Z,2021-10-05T09:50:51.973Z,2016-08-17T21:37:47Z,4.593,Ch002_accrest_g,AMU
,,0,2016-07-05T09:50:51.974Z,2021-10-05T09:50:51.973Z,2016-08-17T21:37:53Z,4.806,Ch002_accrest_g,AMU
,,0,2016-07-05T09:50:51.974Z,2021-10-05T09:50:51.973Z,2016-08-17T21:38:01Z,12.419,Ch002_accrest_g,AMU
,,0,2016-07-05T09:50:51.974Z,2021-10-05T09:50:51.973Z,2016-08-17T21:38:03Z,7.346,Ch002_accrest_g,AMU
,,0,2016-07-05T09:50:51.974Z,2021-10-05T09:50:51.973Z,2016-08-17T21:38:09Z,4.799,Ch002_accrest_g,AMU
,,0,2016-07-05T09:50:51.974Z,2021-10-05T09:50:51.973Z,2016-08-17T21:38:19Z,4.39,Ch002_accrest_g,AMU
,,0,2016-07-05T09:50:51.974Z,2021-10-05T09:50:51.973Z,2016-08-17T21:38:27Z,5.173,Ch002_accrest_g,AMU
,,0,2016-07-05T09:50:51.974Z,2021-10-05T09:50:51.973Z,2016-08-17T21:38:33Z,4.933,Ch002_accrest_g,AMU
,,0,2016-07-05T09:50:51.974Z,2021-10-05T09:50:51.973Z,2016-08-17T21:38:39Z,4.355,Ch002_accrest_g,AMU
,,0,2016-07-05T09:50:51.974Z,2021-10-05T09:50:51.973Z,2016-08-17T21:38:41Z,4.727,Ch002_accrest_g,AMU
,,0,2016-07-05T09:50:51.974Z,2021-10-05T09:50:51.973Z,2016-08-17T21:38:43Z,4.582,Ch002_accrest_g,AMU
,,0,2016-07-05T09:50:51.974Z,2021-10-05T09:50:51.973Z,2016-08-17T21:38:57Z,4.192,Ch002_accrest_g,AMU
,,0,2016-07-05T09:50:51.974Z,2021-10-05T09:50:51.973Z,2016-08-17T21:38:59Z,4.387,Ch002_accrest_g,AMU
,,0,2016-07-05T09:50:51.974Z,2021-10-05T09:50:51.973Z,2016-08-17T21:39:03Z,4.287,Ch002_accrest_g,AMU
,,0,2016-07-05T09:50:51.974Z,2021-10-05T09:50:51.973Z,2016-08-17T21:39:21Z,4.914,Ch002_accrest_g,AMU
,,0,2016-07-05T09:50:51.974Z,2021-10-05T09:50:51.973Z,2016-08-17T21:39:23Z,4.958,Ch002_accrest_g,AMU
,,0,2016-07-05T09:50:51.974Z,2021-10-05T09:50:51.973Z,2016-08-17T21:39:33Z,4.234,Ch002_accrest_g,AMU
,,0,2016-07-05T09:50:51.974Z,2021-10-05T09:50:51.973Z,2016-08-17T21:39:41Z,5.134,Ch002_accrest_g,AMU
,,0,2016-07-05T09:50:51.974Z,2021-10-05T09:50:51.973Z,2016-08-17T21:39:43Z,5.007,Ch002_accrest_g,AMU
,,0,2016-07-05T09:50:51.974Z,2021-10-05T09:50:51.973Z,2016-08-17T21:39:47Z,5.371,Ch002_accrest_g,AMU
,,0,2016-07-05T09:50:51.974Z,2021-10-05T09:50:51.973Z,2016-08-17T21:39:49Z,4.692,Ch002_accrest_g,AMU
,,0,2016-07-05T09:50:51.974Z,2021-10-05T09:50:51.973Z,2016-08-17T21:39:57Z,5.023,Ch002_accrest_g,AMU
,,0,2016-07-05T09:50:51.974Z,2021-10-05T09:50:51.973Z,2016-08-17T21:40:01Z,5.189,Ch002_accrest_g,AMU
,,0,2016-07-05T09:50:51.974Z,2021-10-05T09:50:51.973Z,2016-08-17T21:40:03Z,4.677,Ch002_accrest_g,AMU
,,0,2016-07-05T09:50:51.974Z,2021-10-05T09:50:51.973Z,2016-08-17T21:40:07Z,5.085,Ch002_accrest_g,AMU
,,0,2016-07-05T09:50:51.974Z,2021-10-05T09:50:51.973Z,2016-08-17T21:40:17Z,4.996,Ch002_accrest_g,AMU
,,0,2016-07-05T09:50:51.974Z,2021-10-05T09:50:51.973Z,2016-08-17T21:40:21Z,4.174,Ch002_accrest_g,AMU
,,0,2016-07-05T09:50:51.974Z,2021-10-05T09:50:51.973Z,2016-08-17T21:40:23Z,5.081,Ch002_accrest_g,AMU
,,0,2016-07-05T09:50:51.974Z,2021-10-05T09:50:51.973Z,2016-08-17T21:40:33Z,4.139,Ch002_accrest_g,AMU
,,0,2016-07-05T09:50:51.974Z,2021-10-05T09:50:51.973Z,2016-08-17T21:40:37Z,4.753,Ch002_accrest_g,AMU
,,0,2016-07-05T09:50:51.974Z,2021-10-05T09:50:51.973Z,2016-08-17T21:40:41Z,5.235,Ch002_accrest_g,AMU
,,0,2016-07-05T09:50:51.974Z,2021-10-05T09:50:51.973Z,2016-08-17T21:40:49Z,5.54,Ch002_accrest_g,AMU
,,0,2016-07-05T09:50:51.974Z,2021-10-05T09:50:51.973Z,2016-08-17T21:40:57Z,4.733,Ch002_accrest_g,AMU
,,0,2016-07-05T09:50:51.974Z,2021-10-05T09:50:51.973Z,2016-08-17T21:41:03Z,4.241,Ch002_accrest_g,AMU
,,0,2016-07-05T09:50:51.974Z,2021-10-05T09:50:51.973Z,2016-08-17T21:41:09Z,4.449,Ch002_accrest_g,AMU
,,0,2016-07-05T09:50:51.974Z,2021-10-05T09:50:51.973Z,2016-08-17T21:41:15Z,4.584,Ch002_accrest_g,AMU
,,0,2016-07-05T09:50:51.974Z,2021-10-05T09:50:51.973Z,2016-08-17T21:41:23Z,4.824,Ch002_accrest_g,AMU
,,0,2016-07-05T09:50:51.974Z,2021-10-05T09:50:51.973Z,2016-08-17T21:41:25Z,5.267,Ch002_accrest_g,AMU
,,0,2016-07-05T09:50:51.974Z,2021-10-05T09:50:51.973Z,2016-08-17T21:41:29Z,4.295,Ch002_accrest_g,AMU
,,0,2016-07-05T09:50:51.974Z,2021-10-05T09:50:51.973Z,2016-08-17T21:41:41Z,4.073,Ch002_accrest_g,AMU
,,0,2016-07-05T09:50:51.974Z,2021-10-05T09:50:51.973Z,2016-08-17T21:41:43Z,4.311,Ch002_accrest_g,AMU
,,0,2016-07-05T09:50:51.974Z,2021-10-05T09:50:51.973Z,2016-08-17T21:42:01Z,4.78,Ch002_accrest_g,AMU
,,0,2016-07-05T09:50:51.974Z,2021-10-05T09:50:51.973Z,2016-08-17T21:42:07Z,4.145,Ch002_accrest_g,AMU
,,0,2016-07-05T09:50:51.974Z,2021-10-05T09:50:51.973Z,2016-08-17T21:42:09Z,4.263,Ch002_accrest_g,AMU
,,0,2016-07-05T09:50:51.974Z,2021-10-05T09:50:51.973Z,2016-08-17T21:42:27Z,6.78,Ch002_accrest_g,AMU
,,0,2016-07-05T09:50:51.974Z,2021-10-05T09:50:51.973Z,2016-08-17T21:42:29Z,4.129,Ch002_accrest_g,AMU
,,0,2016-07-05T09:50:51.974Z,2021-10-05T09:50:51.973Z,2016-08-17T21:42:35Z,4.285,Ch002_accrest_g,AMU
,,0,2016-07-05T09:50:51.974Z,2021-10-05T09:50:51.973Z,2016-08-17T21:42:37Z,4.624,Ch002_accrest_g,AMU
,,0,2016-07-05T09:50:51.974Z,2021-10-05T09:50:51.973Z,2016-08-17T21:42:39Z,4.53,Ch002_accrest_g,AMU
,,0,2016-07-05T09:50:51.974Z,2021-10-05T09:50:51.973Z,2016-08-17T21:42:41Z,5.395,Ch002_accrest_g,AMU
,,0,2016-07-05T09:50:51.974Z,2021-10-05T09:50:51.973Z,2016-08-17T21:42:51Z,4.843,Ch002_accrest_g,AMU
,,0,2016-07-05T09:50:51.974Z,2021-10-05T09:50:51.973Z,2016-08-17T21:43:01Z,7.805,Ch002_accrest_g,AMU
,,0,2016-07-05T09:50:51.974Z,2021-10-05T09:50:51.973Z,2016-08-17T21:43:03Z,4.713,Ch002_accrest_g,AMU
,,0,2016-07-05T09:50:51.974Z,2021-10-05T09:50:51.973Z,2016-08-17T21:43:17Z,5.215,Ch002_accrest_g,AMU
,,0,2016-07-05T09:50:51.974Z,2021-10-05T09:50:51.973Z,2016-08-17T21:43:21Z,4.884,Ch002_accrest_g,AMU
,,0,2016-07-05T09:50:51.974Z,2021-10-05T09:50:51.973Z,2016-08-17T21:43:27Z,6.33,Ch002_accrest_g,AMU
,,0,2016-07-05T09:50:51.974Z,2021-10-05T09:50:51.973Z,2016-08-17T21:43:35Z,5.504,Ch002_accrest_g,AMU
,,0,2016-07-05T09:50:51.974Z,2021-10-05T09:50:51.973Z,2016-08-17T21:43:37Z,4.945,Ch002_accrest_g,AMU
,,0,2016-07-05T09:50:51.974Z,2021-10-05T09:50:51.973Z,2016-08-17T21:43:41Z,4.903,Ch002_accrest_g,AMU
,,0,2016-07-05T09:50:51.974Z,2021-10-05T09:50:51.973Z,2016-08-17T21:43:43Z,4.133,Ch002_accrest_g,AMU
,,0,2016-07-05T09:50:51.974Z,2021-10-05T09:50:51.973Z,2016-08-17T21:43:51Z,5.006,Ch002_accrest_g,AMU
,,0,2016-07-05T09:50:51.974Z,2021-10-05T09:50:51.973Z,2016-08-17T21:43:57Z,5.319,Ch002_accrest_g,AMU
,,0,2016-07-05T09:50:51.974Z,2021-10-05T09:50:51.973Z,2016-08-17T21:44:01Z,4.652,Ch002_accrest_g,AMU
,,0,2016-07-05T09:50:51.974Z,2021-10-05T09:50:51.973Z,2016-08-17T21:44:03Z,4.98,Ch002_accrest_g,AMU
,,0,2016-07-05T09:50:51.974Z,2021-10-05T09:50:51.973Z,2016-08-17T21:44:09Z,4.451,Ch002_accrest_g,AMU
,,0,2016-07-05T09:50:51.974Z,2021-10-05T09:50:51.973Z,2016-08-17T21:44:17Z,4.706,Ch002_accrest_g,AMU
,,0,2016-07-05T09:50:51.974Z,2021-10-05T09:50:51.973Z,2016-08-17T21:44:19Z,5.159,Ch002_accrest_g,AMU
,,0,2016-07-05T09:50:51.974Z,2021-10-05T09:50:51.973Z,2016-08-17T21:44:25Z,4.494,Ch002_accrest_g,AMU
,,0,2016-07-05T09:50:51.974Z,2021-10-05T09:50:51.973Z,2016-08-17T21:44:27Z,4.403,Ch002_accrest_g,AMU
,,0,2016-07-05T09:50:51.974Z,2021-10-05T09:50:51.973Z,2016-08-17T21:44:29Z,4.748,Ch002_accrest_g,AMU
,,0,2016-07-05T09:50:51.974Z,2021-10-05T09:50:51.973Z,2016-08-17T21:44:31Z,4.817,Ch002_accrest_g,AMU
,,0,2016-07-05T09:50:51.974Z,2021-10-05T09:50:51.973Z,2016-08-17T21:44:35Z,4.693,Ch002_accrest_g,AMU
,,0,2016-07-05T09:50:51.974Z,2021-10-05T09:50:51.973Z,2016-08-17T21:44:39Z,4.687,Ch002_accrest_g,AMU
,,0,2016-07-05T09:50:51.974Z,2021-10-05T09:50:51.973Z,2016-08-17T21:44:45Z,4.721,Ch002_accrest_g,AMU
,,0,2016-07-05T09:50:51.974Z,2021-10-05T09:50:51.973Z,2016-08-17T21:44:47Z,4.25,Ch002_accrest_g,AMU
,,0,2016-07-05T09:50:51.974Z,2021-10-05T09:50:51.973Z,2016-08-17T21:44:51Z,4.545,Ch002_accrest_g,AMU
,,0,2016-07-05T09:50:51.974Z,2021-10-05T09:50:51.973Z,2016-08-17T21:44:53Z,4.741,Ch002_accrest_g,AMU
,,0,2016-07-05T09:50:51.974Z,2021-10-05T09:50:51.973Z,2016-08-17T21:45:09Z,4.66,Ch002_accrest_g,AMU
,,0,2016-07-05T09:50:51.974Z,2021-10-05T09:50:51.973Z,2016-08-17T21:45:17Z,4.679,Ch002_accrest_g,AMU
,,0,2016-07-05T09:50:51.974Z,2021-10-05T09:50:51.973Z,2016-08-17T21:45:19Z,4.407,Ch002_accrest_g,AMU
,,0,2016-07-05T09:50:51.974Z,2021-10-05T09:50:51.973Z,2016-08-17T21:45:21Z,4.921,Ch002_accrest_g,AMU
,,0,2016-07-05T09:50:51.974Z,2021-10-05T09:50:51.973Z,2016-08-17T21:45:23Z,4.881,Ch002_accrest_g,AMU
,,0,2016-07-05T09:50:51.974Z,2021-10-05T09:50:51.973Z,2016-08-17T21:45:31Z,6.175,Ch002_accrest_g,AMU
,,0,2016-07-05T09:50:51.974Z,2021-10-05T09:50:51.973Z,2016-08-17T21:45:47Z,5.075,Ch002_accrest_g,AMU
,,0,2016-07-05T09:50:51.974Z,2021-10-05T09:50:51.973Z,2016-08-17T21:45:49Z,4.952,Ch002_accrest_g,AMU
,,0,2016-07-05T09:50:51.974Z,2021-10-05T09:50:51.973Z,2016-08-17T21:45:55Z,5.092,Ch002_accrest_g,AMU
,,0,2016-07-05T09:50:51.974Z,2021-10-05T09:50:51.973Z,2016-08-17T21:46:15Z,5.036,Ch002_accrest_g,AMU
,,0,2016-07-05T09:50:51.974Z,2021-10-05T09:50:51.973Z,2016-08-17T21:46:21Z,4.189,Ch002_accrest_g,AMU
,,0,2016-07-05T09:50:51.974Z,2021-10-05T09:50:51.973Z,2016-08-17T21:46:23Z,4.346,Ch002_accrest_g,AMU
,,0,2016-07-05T09:50:51.974Z,2021-10-05T09:50:51.973Z,2016-08-17T21:46:29Z,5.118,Ch002_accrest_g,AMU
,,0,2016-07-05T09:50:51.974Z,2021-10-05T09:50:51.973Z,2016-08-17T21:46:33Z,5.138,Ch002_accrest_g,AMU
,,0,2016-07-05T09:50:51.974Z,2021-10-05T09:50:51.973Z,2016-08-17T21:46:39Z,4.91,Ch002_accrest_g,AMU
,,0,2016-07-05T09:50:51.974Z,2021-10-05T09:50:51.973Z,2016-08-17T21:46:43Z,4.284,Ch002_accrest_g,AMU
,,0,2016-07-05T09:50:51.974Z,2021-10-05T09:50:51.973Z,2016-08-17T21:47:21Z,4.924,Ch002_accrest_g,AMU
,,0,2016-07-05T09:50:51.974Z,2021-10-05T09:50:51.973Z,2016-08-17T21:47:25Z,4.694,Ch002_accrest_g,AMU
,,0,2016-07-05T09:50:51.974Z,2021-10-05T09:50:51.973Z,2016-08-17T21:47:27Z,4.792,Ch002_accrest_g,AMU
,,0,2016-07-05T09:50:51.974Z,2021-10-05T09:50:51.973Z,2016-08-17T21:47:31Z,5.016,Ch002_accrest_g,AMU
,,0,2016-07-05T09:50:51.974Z,2021-10-05T09:50:51.973Z,2016-08-17T21:47:35Z,4.26,Ch002_accrest_g,AMU
,,0,2016-07-05T09:50:51.974Z,2021-10-05T09:50:51.973Z,2016-08-17T21:47:55Z,4.858,Ch002_accrest_g,AMU
,,0,2016-07-05T09:50:51.974Z,2021-10-05T09:50:51.973Z,2016-08-17T21:48:03Z,4.126,Ch002_accrest_g,AMU
,,0,2016-07-05T09:50:51.974Z,2021-10-05T09:50:51.973Z,2016-08-17T21:48:19Z,4.902,Ch002_accrest_g,AMU
,,0,2016-07-05T09:50:51.974Z,2021-10-05T09:50:51.973Z,2016-08-17T21:48:31Z,5.137,Ch002_accrest_g,AMU
,,0,2016-07-05T09:50:51.974Z,2021-10-05T09:50:51.973Z,2016-08-17T21:48:37Z,4.948,Ch002_accrest_g,AMU
,,0,2016-07-05T09:50:51.974Z,2021-10-05T09:50:51.973Z,2016-08-17T21:48:41Z,4.278,Ch002_accrest_g,AMU
,,0,2016-07-05T09:50:51.974Z,2021-10-05T09:50:51.973Z,2016-08-17T21:48:43Z,4.31,Ch002_accrest_g,AMU
,,0,2016-07-05T09:50:51.974Z,2021-10-05T09:50:51.973Z,2016-08-17T21:48:47Z,4.811,Ch002_accrest_g,AMU
,,0,2016-07-05T09:50:51.974Z,2021-10-05T09:50:51.973Z,2016-08-17T21:48:49Z,4.957,Ch002_accrest_g,AMU
,,0,2016-07-05T09:50:51.974Z,2021-10-05T09:50:51.973Z,2016-08-17T21:48:53Z,5.331,Ch002_accrest_g,AMU
,,0,2016-07-05T09:50:51.974Z,2021-10-05T09:50:51.973Z,2016-08-17T21:48:55Z,4.486,Ch002_accrest_g,AMU
,,0,2016-07-05T09:50:51.974Z,2021-10-05T09:50:51.973Z,2016-08-17T21:48:57Z,5.019,Ch002_accrest_g,AMU
,,0,2016-07-05T09:50:51.974Z,2021-10-05T09:50:51.973Z,2016-08-17T21:49:05Z,5.295,Ch002_accrest_g,AMU
,,0,2016-07-05T09:50:51.974Z,2021-10-05T09:50:51.973Z,2016-08-17T21:49:15Z,4.288,Ch002_accrest_g,AMU
,,0,2016-07-05T09:50:51.974Z,2021-10-05T09:50:51.973Z,2016-08-17T21:49:21Z,4.466,Ch002_accrest_g,AMU
,,0,2016-07-05T09:50:51.974Z,2021-10-05T09:50:51.973Z,2016-08-17T21:49:35Z,4.851,Ch002_accrest_g,AMU
,,0,2016-07-05T09:50:51.974Z,2021-10-05T09:50:51.973Z,2016-08-17T21:49:43Z,4.773,Ch002_accrest_g,AMU
,,0,2016-07-05T09:50:51.974Z,2021-10-05T09:50:51.973Z,2016-08-17T21:49:51Z,4.875,Ch002_accrest_g,AMU
,,0,2016-07-05T09:50:51.974Z,2021-10-05T09:50:51.973Z,2016-08-17T21:49:57Z,4.682,Ch002_accrest_g,AMU
,,0,2016-07-05T09:50:51.974Z,2021-10-05T09:50:51.973Z,2016-08-17T21:50:07Z,5.813,Ch002_accrest_g,AMU
,,0,2016-07-05T09:50:51.974Z,2021-10-05T09:50:51.973Z,2016-08-17T21:50:09Z,6.908,Ch002_accrest_g,AMU
,,0,2016-07-05T09:50:51.974Z,2021-10-05T09:50:51.973Z,2016-08-17T21:50:11Z,4.882,Ch002_accrest_g,AMU
,,0,2016-07-05T09:50:51.974Z,2021-10-05T09:50:51.973Z,2016-08-17T21:50:13Z,4.74,Ch002_accrest_g,AMU
,,0,2016-07-05T09:50:51.974Z,2021-10-05T09:50:51.973Z,2016-08-17T21:50:15Z,5.029,Ch002_accrest_g,AMU
,,0,2016-07-05T09:50:51.974Z,2021-10-05T09:50:51.973Z,2016-08-17T21:50:17Z,7.692,Ch002_accrest_g,AMU
,,0,2016-07-05T09:50:51.974Z,2021-10-05T09:50:51.973Z,2016-08-17T21:50:19Z,4.823,Ch002_accrest_g,AMU
,,0,2016-07-05T09:50:51.974Z,2021-10-05T09:50:51.973Z,2016-08-17T21:50:25Z,4.035,Ch002_accrest_g,AMU
,,0,2016-07-05T09:50:51.974Z,2021-10-05T09:50:51.973Z,2016-08-17T21:50:27Z,5.466,Ch002_accrest_g,AMU
,,0,2016-07-05T09:50:51.974Z,2021-10-05T09:50:51.973Z,2016-08-17T21:50:29Z,5.333,Ch002_accrest_g,AMU
,,0,2016-07-05T09:50:51.974Z,2021-10-05T09:50:51.973Z,2016-08-17T21:50:33Z,4.256,Ch002_accrest_g,AMU
,,0,2016-07-05T09:50:51.974Z,2021-10-05T09:50:51.973Z,2016-08-17T21:50:37Z,4.406,Ch002_accrest_g,AMU
,,0,2016-07-05T09:50:51.974Z,2021-10-05T09:50:51.973Z,2016-08-17T21:50:39Z,4.675,Ch002_accrest_g,AMU
,,0,2016-07-05T09:50:51.974Z,2021-10-05T09:50:51.973Z,2016-08-17T21:50:53Z,5.234,Ch002_accrest_g,AMU
,,0,2016-07-05T09:50:51.974Z,2021-10-05T09:50:51.973Z,2016-08-17T21:50:55Z,4.955,Ch002_accrest_g,AMU
,,0,2016-07-05T09:50:51.974Z,2021-10-05T09:50:51.973Z,2016-08-17T21:50:59Z,4.793,Ch002_accrest_g,AMU
,,0,2016-07-05T09:50:51.974Z,2021-10-05T09:50:51.973Z,2016-08-17T21:51:01Z,8.141,Ch002_accrest_g,AMU
,,0,2016-07-05T09:50:51.974Z,2021-10-05T09:50:51.973Z,2016-08-17T21:51:05Z,5.483,Ch002_accrest_g,AMU
,,0,2016-07-05T09:50:51.974Z,2021-10-05T09:50:51.973Z,2016-08-17T21:51:09Z,5.067,Ch002_accrest_g,AMU
,,0,2016-07-05T09:50:51.974Z,2021-10-05T09:50:51.973Z,2016-08-17T21:51:17Z,4.2,Ch002_accrest_g,AMU
,,0,2016-07-05T09:50:51.974Z,2021-10-05T09:50:51.973Z,2016-08-17T21:51:27Z,4.634,Ch002_accrest_g,AMU
,,0,2016-07-05T09:50:51.974Z,2021-10-05T09:50:51.973Z,2016-08-17T21:51:29Z,4.095,Ch002_accrest_g,AMU
,,0,2016-07-05T09:50:51.974Z,2021-10-05T09:50:51.973Z,2016-08-17T21:51:35Z,4.176,Ch002_accrest_g,AMU
,,0,2016-07-05T09:50:51.974Z,2021-10-05T09:50:51.973Z,2016-08-17T21:51:41Z,4.778,Ch002_accrest_g,AMU
,,0,2016-07-05T09:50:51.974Z,2021-10-05T09:50:51.973Z,2016-08-17T21:51:43Z,4.298,Ch002_accrest_g,AMU
,,0,2016-07-05T09:50:51.974Z,2021-10-05T09:50:51.973Z,2016-08-17T21:51:49Z,4.643,Ch002_accrest_g,AMU
,,0,2016-07-05T09:50:51.974Z,2021-10-05T09:50:51.973Z,2016-08-17T21:51:53Z,4.628,Ch002_accrest_g,AMU
,,0,2016-07-05T09:50:51.974Z,2021-10-05T09:50:51.973Z,2016-08-17T21:51:55Z,4.517,Ch002_accrest_g,AMU
,,0,2016-07-05T09:50:51.974Z,2021-10-05T09:50:51.973Z,2016-08-17T21:52:09Z,3.983,Ch002_accrest_g,AMU
,,0,2016-07-05T09:50:51.974Z,2021-10-05T09:50:51.973Z,2016-08-17T21:52:11Z,3.804,Ch002_accrest_g,AMU
,,0,2016-07-05T09:50:51.974Z,2021-10-05T09:50:51.973Z,2016-08-17T21:52:13Z,3.911,Ch002_accrest_g,AMU
,,0,2016-07-05T09:50:51.974Z,2021-10-05T09:50:51.973Z,2016-08-17T21:52:23Z,4.238,Ch002_accrest_g,AMU
,,0,2016-07-05T09:50:51.974Z,2021-10-05T09:50:51.973Z,2016-08-17T21:52:25Z,4.177,Ch002_accrest_g,AMU
,,0,2016-07-05T09:50:51.974Z,2021-10-05T09:50:51.973Z,2016-08-17T21:52:37Z,4.301,Ch002_accrest_g,AMU
,,0,2016-07-05T09:50:51.974Z,2021-10-05T09:50:51.973Z,2016-08-17T21:52:39Z,4.069,Ch002_accrest_g,AMU
,,0,2016-07-05T09:50:51.974Z,2021-10-05T09:50:51.973Z,2016-08-17T21:52:41Z,4.103,Ch002_accrest_g,AMU
,,0,2016-07-05T09:50:51.974Z,2021-10-05T09:50:51.973Z,2016-08-17T21:52:43Z,4.047,Ch002_accrest_g,AMU
,,0,2016-07-05T09:50:51.974Z,2021-10-05T09:50:51.973Z,2016-08-17T21:52:45Z,4.169,Ch002_accrest_g,AMU
,,0,2016-07-05T09:50:51.974Z,2021-10-05T09:50:51.973Z,2016-08-17T21:52:47Z,4.158,Ch002_accrest_g,AMU
,,0,2016-07-05T09:50:51.974Z,2021-10-05T09:50:51.973Z,2016-08-17T21:52:51Z,3.942,Ch002_accrest_g,AMU
,,0,2016-07-05T09:50:51.974Z,2021-10-05T09:50:51.973Z,2016-08-17T21:52:53Z,4.377,Ch002_accrest_g,AMU
,,0,2016-07-05T09:50:51.974Z,2021-10-05T09:50:51.973Z,2016-08-17T21:52:59Z,3.923,Ch002_accrest_g,AMU
,,0,2016-07-05T09:50:51.974Z,2021-10-05T09:50:51.973Z,2016-08-17T21:53:01Z,4.848,Ch002_accrest_g,AMU
,,0,2016-07-05T09:50:51.974Z,2021-10-05T09:50:51.973Z,2016-08-17T21:53:03Z,4.75,Ch002_accrest_g,AMU
,,0,2016-07-05T09:50:51.974Z,2021-10-05T09:50:51.973Z,2016-08-17T21:53:07Z,3.965,Ch002_accrest_g,AMU
,,0,2016-07-05T09:50:51.974Z,2021-10-05T09:50:51.973Z,2016-08-17T21:53:09Z,4.033,Ch002_accrest_g,AMU
,,0,2016-07-05T09:50:51.974Z,2021-10-05T09:50:51.973Z,2016-08-17T21:53:13Z,4.477,Ch002_accrest_g,AMU
,,0,2016-07-05T09:50:51.974Z,2021-10-05T09:50:51.973Z,2016-08-17T21:53:17Z,5.208,Ch002_accrest_g,AMU
,,0,2016-07-05T09:50:51.974Z,2021-10-05T09:50:51.973Z,2016-08-17T21:53:19Z,4.891,Ch002_accrest_g,AMU
,,0,2016-07-05T09:50:51.974Z,2021-10-05T09:50:51.973Z,2016-08-17T21:53:23Z,4.904,Ch002_accrest_g,AMU
,,0,2016-07-05T09:50:51.974Z,2021-10-05T09:50:51.973Z,2016-08-17T21:53:51Z,4.573,Ch002_accrest_g,AMU
,,0,2016-07-05T09:50:51.974Z,2021-10-05T09:50:51.973Z,2016-08-17T21:53:53Z,4.999,Ch002_accrest_g,AMU
,,0,2016-07-05T09:50:51.974Z,2021-10-05T09:50:51.973Z,2016-08-17T21:53:55Z,5.144,Ch002_accrest_g,AMU
,,0,2016-07-05T09:50:51.974Z,2021-10-05T09:50:51.973Z,2016-08-17T21:54:01Z,5.688,Ch002_accrest_g,AMU
,,0,2016-07-05T09:50:51.974Z,2021-10-05T09:50:51.973Z,2016-08-17T21:54:03Z,4.107,Ch002_accrest_g,AMU
,,0,2016-07-05T09:50:51.974Z,2021-10-05T09:50:51.973Z,2016-08-17T21:54:05Z,5.608,Ch002_accrest_g,AMU
,,0,2016-07-05T09:50:51.974Z,2021-10-05T09:50:51.973Z,2016-08-17T21:54:07Z,4.65,Ch002_accrest_g,AMU
,,0,2016-07-05T09:50:51.974Z,2021-10-05T09:50:51.973Z,2016-08-17T21:54:09Z,5.059,Ch002_accrest_g,AMU
,,0,2016-07-05T09:50:51.974Z,2021-10-05T09:50:51.973Z,2016-08-17T21:54:31Z,4.249,Ch002_accrest_g,AMU
,,0,2016-07-05T09:50:51.974Z,2021-10-05T09:50:51.973Z,2016-08-17T21:54:35Z,5.744,Ch002_accrest_g,AMU
,,0,2016-07-05T09:50:51.974Z,2021-10-05T09:50:51.973Z,2016-08-17T21:54:41Z,4.376,Ch002_accrest_g,AMU
,,0,2016-07-05T09:50:51.974Z,2021-10-05T09:50:51.973Z,2016-08-17T21:55:03Z,4.105,Ch002_accrest_g,AMU
,,0,2016-07-05T09:50:51.974Z,2021-10-05T09:50:51.973Z,2016-08-17T21:55:07Z,4.221,Ch002_accrest_g,AMU
,,0,2016-07-05T09:50:51.974Z,2021-10-05T09:50:51.973Z,2016-08-17T21:55:11Z,4.739,Ch002_accrest_g,AMU
,,0,2016-07-05T09:50:51.974Z,2021-10-05T09:50:51.973Z,2016-08-17T21:55:17Z,4.397,Ch002_accrest_g,AMU
,,0,2016-07-05T09:50:51.974Z,2021-10-05T09:50:51.973Z,2016-08-17T21:55:35Z,4.324,Ch002_accrest_g,AMU
,,0,2016-07-05T09:50:51.974Z,2021-10-05T09:50:51.973Z,2016-08-17T21:55:41Z,5.098,Ch002_accrest_g,AMU
,,0,2016-07-05T09:50:51.974Z,2021-10-05T09:50:51.973Z,2016-08-17T21:55:45Z,4.156,Ch002_accrest_g,AMU
,,0,2016-07-05T09:50:51.974Z,2021-10-05T09:50:51.973Z,2016-08-17T21:55:49Z,4.8,Ch002_accrest_g,AMU
,,0,2016-07-05T09:50:51.974Z,2021-10-05T09:50:51.973Z,2016-08-17T21:55:59Z,4.648,Ch002_accrest_g,AMU
,,0,2016-07-05T09:50:51.974Z,2021-10-05T09:50:51.973Z,2016-08-17T21:56:07Z,4.498,Ch002_accrest_g,AMU
,,0,2016-07-05T09:50:51.974Z,2021-10-05T09:50:51.973Z,2016-08-17T21:56:17Z,5.275,Ch002_accrest_g,AMU
,,0,2016-07-05T09:50:51.974Z,2021-10-05T09:50:51.973Z,2016-08-17T21:56:19Z,5.061,Ch002_accrest_g,AMU
,,0,2016-07-05T09:50:51.974Z,2021-10-05T09:50:51.973Z,2016-08-17T21:56:21Z,4.331,Ch002_accrest_g,AMU
,,0,2016-07-05T09:50:51.974Z,2021-10-05T09:50:51.973Z,2016-08-17T21:56:23Z,4.772,Ch002_accrest_g,AMU
,,0,2016-07-05T09:50:51.974Z,2021-10-05T09:50:51.973Z,2016-08-17T21:56:25Z,4.225,Ch002_accrest_g,AMU
,,0,2016-07-05T09:50:51.974Z,2021-10-05T09:50:51.973Z,2016-08-17T21:56:27Z,5.343,Ch002_accrest_g,AMU
,,0,2016-07-05T09:50:51.974Z,2021-10-05T09:50:51.973Z,2016-08-17T21:56:29Z,5.114,Ch002_accrest_g,AMU
,,0,2016-07-05T09:50:51.974Z,2021-10-05T09:50:51.973Z,2016-08-17T21:56:33Z,5.122,Ch002_accrest_g,AMU
,,0,2016-07-05T09:50:51.974Z,2021-10-05T09:50:51.973Z,2016-08-17T21:57:01Z,4.147,Ch002_accrest_g,AMU
,,0,2016-07-05T09:50:51.974Z,2021-10-05T09:50:51.973Z,2016-08-17T21:57:03Z,4.935,Ch002_accrest_g,AMU
,,0,2016-07-05T09:50:51.974Z,2021-10-05T09:50:51.973Z,2016-08-17T21:57:05Z,4.681,Ch002_accrest_g,AMU
,,0,2016-07-05T09:50:51.974Z,2021-10-05T09:50:51.973Z,2016-08-17T21:57:07Z,5.063,Ch002_accrest_g,AMU
,,0,2016-07-05T09:50:51.974Z,2021-10-05T09:50:51.973Z,2016-08-17T21:57:09Z,4.726,Ch002_accrest_g,AMU
,,0,2016-07-05T09:50:51.974Z,2021-10-05T09:50:51.973Z,2016-08-17T21:57:25Z,4.978,Ch002_accrest_g,AMU
,,0,2016-07-05T09:50:51.974Z,2021-10-05T09:50:51.973Z,2016-08-17T21:57:27Z,4.213,Ch002_accrest_g,AMU
,,0,2016-07-05T09:50:51.974Z,2021-10-05T09:50:51.973Z,2016-08-17T21:57:33Z,5.566,Ch002_accrest_g,AMU
,,0,2016-07-05T09:50:51.974Z,2021-10-05T09:50:51.973Z,2016-08-17T21:57:35Z,5.195,Ch002_accrest_g,AMU
,,0,2016-07-05T09:50:51.974Z,2021-10-05T09:50:51.973Z,2016-08-17T21:57:37Z,4.84,Ch002_accrest_g,AMU
,,0,2016-07-05T09:50:51.974Z,2021-10-05T09:50:51.973Z,2016-08-17T21:57:47Z,4.408,Ch002_accrest_g,AMU
,,0,2016-07-05T09:50:51.974Z,2021-10-05T09:50:51.973Z,2016-08-17T21:57:51Z,4.897,Ch002_accrest_g,AMU
,,0,2016-07-05T09:50:51.974Z,2021-10-05T09:50:51.973Z,2016-08-17T21:58:05Z,5.413,Ch002_accrest_g,AMU
,,0,2016-07-05T09:50:51.974Z,2021-10-05T09:50:51.973Z,2016-08-17T21:58:11Z,4.723,Ch002_accrest_g,AMU
,,0,2016-07-05T09:50:51.974Z,2021-10-05T09:50:51.973Z,2016-08-17T21:58:37Z,4.621,Ch002_accrest_g,AMU
,,0,2016-07-05T09:50:51.974Z,2021-10-05T09:50:51.973Z,2016-08-17T21:58:39Z,4.15,Ch002_accrest_g,AMU
,,0,2016-07-05T09:50:51.974Z,2021-10-05T09:50:51.973Z,2016-08-17T21:58:49Z,5.152,Ch002_accrest_g,AMU
,,0,2016-07-05T09:50:51.974Z,2021-10-05T09:50:51.973Z,2016-08-17T21:58:53Z,5.242,Ch002_accrest_g,AMU
,,0,2016-07-05T09:50:51.974Z,2021-10-05T09:50:51.973Z,2016-08-17T21:58:55Z,5.093,Ch002_accrest_g,AMU
,,0,2016-07-05T09:50:51.974Z,2021-10-05T09:50:51.973Z,2016-08-17T21:59:01Z,7.645,Ch002_accrest_g,AMU
,,0,2016-07-05T09:50:51.974Z,2021-10-05T09:50:51.973Z,2016-08-17T21:59:03Z,4.448,Ch002_accrest_g,AMU
,,0,2016-07-05T09:50:51.974Z,2021-10-05T09:50:51.973Z,2016-08-17T21:59:11Z,4.718,Ch002_accrest_g,AMU
,,0,2016-07-05T09:50:51.974Z,2021-10-05T09:50:51.973Z,2016-08-17T21:59:13Z,5.884,Ch002_accrest_g,AMU
,,0,2016-07-05T09:50:51.974Z,2021-10-05T09:50:51.973Z,2016-08-17T21:59:23Z,4.206,Ch002_accrest_g,AMU
,,0,2016-07-05T09:50:51.974Z,2021-10-05T09:50:51.973Z,2016-08-17T21:59:25Z,4.314,Ch002_accrest_g,AMU
,,0,2016-07-05T09:50:51.974Z,2021-10-05T09:50:51.973Z,2016-08-17T21:59:29Z,5.908,Ch002_accrest_g,AMU
,,0,2016-07-05T09:50:51.974Z,2021-10-05T09:50:51.973Z,2016-08-17T21:59:33Z,5.635,Ch002_accrest_g,AMU
,,0,2016-07-05T09:50:51.974Z,2021-10-05T09:50:51.973Z,2016-08-17T21:59:43Z,5.168,Ch002_accrest_g,AMU
,,0,2016-07-05T09:50:51.974Z,2021-10-05T09:50:51.973Z,2016-08-17T21:59:47Z,4.893,Ch002_accrest_g,AMU

